"Program","Year","Period","Week Ending","Geo Level","State","State ANSI","Ag District","Ag District Code","County","County ANSI","Zip Code","Region","watershed_code","Watershed","Commodity","Data Item","Domain","Domain Category","Value","CV (%)"
"SURVEY","2024","YEAR","","COUNTY","CALIFORNIA","06","","99","OTHER COUNTIES","","","","00000000","","TOMATOES","TOMATOES, IN THE OPEN, PROCESSING - YIELD, MEASURED IN TONS / ACRE","TOTAL","NOT SPECIFIED","54.29",""
"SURVEY","2024","YEAR","","COUNTY","CALIFORNIA","06","CENTRAL COAST","40","CONTRA COSTA","013","","","00000000","","TOMATOES","TOMATOES, IN THE OPEN, PROCESSING - YIELD, MEASURED IN TONS / ACRE","TOTAL","NOT SPECIFIED","57.94",""
"SURVEY","2024","YEAR","","COUNTY","CALIFORNIA","06","CENTRAL COAST","40","MONTEREY","053","","","00000000","","TOMATOES","TOMATOES, IN THE OPEN, PROCESSING - YIELD, MEASURED IN TONS / ACRE","TOTAL","NOT SPECIFIED","44.67",""
"SURVEY","2024","YEAR","","COUNTY","CALIFORNIA","06","CENTRAL COAST","40","SANTA CLARA","085","","","00000000","","TOMATOES","TOMATOES, IN THE OPEN, PROCESSING - YIELD, MEASURED IN TONS / ACRE","TOTAL","NOT SPECIFIED","52.29",""
"SURVEY","2024","YEAR","","COUNTY","CALIFORNIA","06","SACRAMENTO VALLEY","50","BUTTE","007","","","00000000","","TOMATOES","TOMATOES, IN THE OPEN, PROCESSING - YIELD, MEASURED IN TONS / ACRE","TOTAL","NOT SPECIFIED","49.1",""
"SURVEY","2024","YEAR","","COUNTY","CALIFORNIA","06","SACRAMENTO VALLEY","50","COLUSA","011","","","00000000","","TOMATOES","TOMATOES, IN THE OPEN, PROCESSING - YIELD, MEASURED IN TONS / ACRE","TOTAL","NOT SPECIFIED","52.05",""
"SURVEY","2024","YEAR","","COUNTY","CALIFORNIA","06","SACRAMENTO VALLEY","50","GLENN","021","","","00000000","","TOMATOES","TOMATOES, IN THE OPEN, PROCESSING - YIELD, MEASURED IN TONS / ACRE","TOTAL","NOT SPECIFIED","38.96",""
"SURVEY","2024","YEAR","","COUNTY","CALIFORNIA","06","SACRAMENTO VALLEY","50","SACRAMENTO","067","","","00000000","","TOMATOES","TOMATOES, IN THE OPEN, PROCESSING - YIELD, MEASURED IN TONS / ACRE","TOTAL","NOT SPECIFIED","60.93",""
"SURVEY","2024","YEAR","","COUNTY","CALIFORNIA","06","SACRAMENTO VALLEY","50","SOLANO","095","","","00000000","","TOMATOES","TOMATOES, IN THE OPEN, PROCESSING - YIELD, MEASURED IN TONS / ACRE","TOTAL","NOT SPECIFIED","44.34",""
"SURVEY","2024","YEAR","","COUNTY","CALIFORNIA","06","SACRAMENTO VALLEY","50","SUTTER","101","","","00000000","","TOMATOES","TOMATOES, IN THE OPEN, PROCESSING - YIELD, MEASURED IN TONS / ACRE","TOTAL","NOT SPECIFIED","45.09",""
"SURVEY","2024","YEAR","","COUNTY","CALIFORNIA","06","SACRAMENTO VALLEY","50","YOLO","113","","","00000000","","TOMATOES","TOMATOES, IN THE OPEN, PROCESSING - YIELD, MEASURED IN TONS / ACRE","TOTAL","NOT SPECIFIED","47.03",""
"SURVEY","2024","YEAR","","COUNTY","CALIFORNIA","06","SACRAMENTO VALLEY","50","YUBA","115","","","00000000","","TOMATOES","TOMATOES, IN THE OPEN, PROCESSING - YIELD, MEASURED IN TONS / ACRE","TOTAL","NOT SPECIFIED","54.64",""
"SURVEY","2024","YEAR","","COUNTY","CALIFORNIA","06","SAN JOAQUIN VALLEY","51","FRESNO","019","","","00000000","","TOMATOES","TOMATOES, IN THE OPEN, PROCESSING - YIELD, MEASURED IN TONS / ACRE","TOTAL","NOT SPECIFIED","53.46",""
"SURVEY","2024","YEAR","","COUNTY","CALIFORNIA","06","SAN JOAQUIN VALLEY","51","KERN","029","","","00000000","","TOMATOES","TOMATOES, IN THE OPEN, PROCESSING - YIELD, MEASURED IN TONS / ACRE","TOTAL","NOT SPECIFIED","52.26",""
"SURVEY","2024","YEAR","","COUNTY","CALIFORNIA","06","SAN JOAQUIN VALLEY","51","KINGS","031","","","00000000","","TOMATOES","TOMATOES, IN THE OPEN, PROCESSING - YIELD, MEASURED IN TONS / ACRE","TOTAL","NOT SPECIFIED","48.15",""
"SURVEY","2024","YEAR","","COUNTY","CALIFORNIA","06","SAN JOAQUIN VALLEY","51","MADERA","039","","","00000000","","TOMATOES","TOMATOES, IN THE OPEN, PROCESSING - YIELD, MEASURED IN TONS / ACRE","TOTAL","NOT SPECIFIED","53.41",""
"SURVEY","2024","YEAR","","COUNTY","CALIFORNIA","06","SAN JOAQUIN VALLEY","51","MERCED","047","","","00000000","","TOMATOES","TOMATOES, IN THE OPEN, PROCESSING - YIELD, MEASURED IN TONS / ACRE","TOTAL","NOT SPECIFIED","47.72",""
"SURVEY","2024","YEAR","","COUNTY","CALIFORNIA","06","SAN JOAQUIN VALLEY","51","SAN JOAQUIN","077","","","00000000","","TOMATOES","TOMATOES, IN THE OPEN, PROCESSING - YIELD, MEASURED IN TONS / ACRE","TOTAL","NOT SPECIFIED","47.38",""
"SURVEY","2024","YEAR","","COUNTY","CALIFORNIA","06","SAN JOAQUIN VALLEY","51","STANISLAUS","099","","","00000000","","TOMATOES","TOMATOES, IN THE OPEN, PROCESSING - YIELD, MEASURED IN TONS / ACRE","TOTAL","NOT SPECIFIED","45.97",""
"SURVEY","2024","YEAR","","COUNTY","CALIFORNIA","06","SAN JOAQUIN VALLEY","51","TULARE","107","","","00000000","","TOMATOES","TOMATOES, IN THE OPEN, PROCESSING - YIELD, MEASURED IN TONS / ACRE","TOTAL","NOT SPECIFIED","62.61",""
"SURVEY","2023","YEAR","","COUNTY","CALIFORNIA","06","CENTRAL COAST","40","CONTRA COSTA","013","","","00000000","","TOMATOES","TOMATOES, IN THE OPEN, PROCESSING - YIELD, MEASURED IN TONS / ACRE","TOTAL","NOT SPECIFIED","59",""
"SURVEY","2023","YEAR","","COUNTY","CALIFORNIA","06","CENTRAL COAST","40","MONTEREY","053","","","00000000","","TOMATOES","TOMATOES, IN THE OPEN, PROCESSING - YIELD, MEASURED IN TONS / ACRE","TOTAL","NOT SPECIFIED","45.93",""
"SURVEY","2023","YEAR","","COUNTY","CALIFORNIA","06","CENTRAL COAST","40","SAN BENITO","069","","","00000000","","TOMATOES","TOMATOES, IN THE OPEN, PROCESSING - YIELD, MEASURED IN TONS / ACRE","TOTAL","NOT SPECIFIED","41.37",""
"SURVEY","2023","YEAR","","COUNTY","CALIFORNIA","06","CENTRAL COAST","40","SANTA CLARA","085","","","00000000","","TOMATOES","TOMATOES, IN THE OPEN, PROCESSING - YIELD, MEASURED IN TONS / ACRE","TOTAL","NOT SPECIFIED","53.63",""
"SURVEY","2023","YEAR","","COUNTY","CALIFORNIA","06","SACRAMENTO VALLEY","50","BUTTE","007","","","00000000","","TOMATOES","TOMATOES, IN THE OPEN, PROCESSING - YIELD, MEASURED IN TONS / ACRE","TOTAL","NOT SPECIFIED","51.23",""
"SURVEY","2023","YEAR","","COUNTY","CALIFORNIA","06","SACRAMENTO VALLEY","50","COLUSA","011","","","00000000","","TOMATOES","TOMATOES, IN THE OPEN, PROCESSING - YIELD, MEASURED IN TONS / ACRE","TOTAL","NOT SPECIFIED","52.45",""
"SURVEY","2023","YEAR","","COUNTY","CALIFORNIA","06","SACRAMENTO VALLEY","50","GLENN","021","","","00000000","","TOMATOES","TOMATOES, IN THE OPEN, PROCESSING - YIELD, MEASURED IN TONS / ACRE","TOTAL","NOT SPECIFIED","49.67",""
"SURVEY","2023","YEAR","","COUNTY","CALIFORNIA","06","SACRAMENTO VALLEY","50","SACRAMENTO","067","","","00000000","","TOMATOES","TOMATOES, IN THE OPEN, PROCESSING - YIELD, MEASURED IN TONS / ACRE","TOTAL","NOT SPECIFIED","40.12",""
"SURVEY","2023","YEAR","","COUNTY","CALIFORNIA","06","SACRAMENTO VALLEY","50","SOLANO","095","","","00000000","","TOMATOES","TOMATOES, IN THE OPEN, PROCESSING - YIELD, MEASURED IN TONS / ACRE","TOTAL","NOT SPECIFIED","43.04",""
"SURVEY","2023","YEAR","","COUNTY","CALIFORNIA","06","SACRAMENTO VALLEY","50","SUTTER","101","","","00000000","","TOMATOES","TOMATOES, IN THE OPEN, PROCESSING - YIELD, MEASURED IN TONS / ACRE","TOTAL","NOT SPECIFIED","43.06",""
"SURVEY","2023","YEAR","","COUNTY","CALIFORNIA","06","SACRAMENTO VALLEY","50","TEHAMA","103","","","00000000","","TOMATOES","TOMATOES, IN THE OPEN, PROCESSING - YIELD, MEASURED IN TONS / ACRE","TOTAL","NOT SPECIFIED","48.98",""
"SURVEY","2023","YEAR","","COUNTY","CALIFORNIA","06","SACRAMENTO VALLEY","50","YOLO","113","","","00000000","","TOMATOES","TOMATOES, IN THE OPEN, PROCESSING - YIELD, MEASURED IN TONS / ACRE","TOTAL","NOT SPECIFIED","49.76",""
"SURVEY","2023","YEAR","","COUNTY","CALIFORNIA","06","SACRAMENTO VALLEY","50","YUBA","115","","","00000000","","TOMATOES","TOMATOES, IN THE OPEN, PROCESSING - YIELD, MEASURED IN TONS / ACRE","TOTAL","NOT SPECIFIED","46.83",""
"SURVEY","2023","YEAR","","COUNTY","CALIFORNIA","06","SAN JOAQUIN VALLEY","51","FRESNO","019","","","00000000","","TOMATOES","TOMATOES, IN THE OPEN, PROCESSING - YIELD, MEASURED IN TONS / ACRE","TOTAL","NOT SPECIFIED","54.22",""
"SURVEY","2023","YEAR","","COUNTY","CALIFORNIA","06","SAN JOAQUIN VALLEY","51","KERN","029","","","00000000","","TOMATOES","TOMATOES, IN THE OPEN, PROCESSING - YIELD, MEASURED IN TONS / ACRE","TOTAL","NOT SPECIFIED","54.18",""
"SURVEY","2023","YEAR","","COUNTY","CALIFORNIA","06","SAN JOAQUIN VALLEY","51","KINGS","031","","","00000000","","TOMATOES","TOMATOES, IN THE OPEN, PROCESSING - YIELD, MEASURED IN TONS / ACRE","TOTAL","NOT SPECIFIED","53.99",""
"SURVEY","2023","YEAR","","COUNTY","CALIFORNIA","06","SAN JOAQUIN VALLEY","51","MADERA","039","","","00000000","","TOMATOES","TOMATOES, IN THE OPEN, PROCESSING - YIELD, MEASURED IN TONS / ACRE","TOTAL","NOT SPECIFIED","53.8",""
"SURVEY","2023","YEAR","","COUNTY","CALIFORNIA","06","SAN JOAQUIN VALLEY","51","MERCED","047","","","00000000","","TOMATOES","TOMATOES, IN THE OPEN, PROCESSING - YIELD, MEASURED IN TONS / ACRE","TOTAL","NOT SPECIFIED","46.53",""
"SURVEY","2023","YEAR","","COUNTY","CALIFORNIA","06","SAN JOAQUIN VALLEY","51","SAN JOAQUIN","077","","","00000000","","TOMATOES","TOMATOES, IN THE OPEN, PROCESSING - YIELD, MEASURED IN TONS / ACRE","TOTAL","NOT SPECIFIED","44.96",""
"SURVEY","2023","YEAR","","COUNTY","CALIFORNIA","06","SAN JOAQUIN VALLEY","51","STANISLAUS","099","","","00000000","","TOMATOES","TOMATOES, IN THE OPEN, PROCESSING - YIELD, MEASURED IN TONS / ACRE","TOTAL","NOT SPECIFIED","48.39",""
"SURVEY","2023","YEAR","","COUNTY","CALIFORNIA","06","SAN JOAQUIN VALLEY","51","TULARE","107","","","00000000","","TOMATOES","TOMATOES, IN THE OPEN, PROCESSING - YIELD, MEASURED IN TONS / ACRE","TOTAL","NOT SPECIFIED","71.62",""
"SURVEY","2022","YEAR","","COUNTY","CALIFORNIA","06","","99","OTHER COUNTIES","","","","00000000","","TOMATOES","TOMATOES, IN THE OPEN, PROCESSING - YIELD, MEASURED IN TONS / ACRE","TOTAL","NOT SPECIFIED","55.56",""
"SURVEY","2022","YEAR","","COUNTY","CALIFORNIA","06","CENTRAL COAST","40","CONTRA COSTA","013","","","00000000","","TOMATOES","TOMATOES, IN THE OPEN, PROCESSING - YIELD, MEASURED IN TONS / ACRE","TOTAL","NOT SPECIFIED","57.6",""
"SURVEY","2022","YEAR","","COUNTY","CALIFORNIA","06","CENTRAL COAST","40","MONTEREY","053","","","00000000","","TOMATOES","TOMATOES, IN THE OPEN, PROCESSING - YIELD, MEASURED IN TONS / ACRE","TOTAL","NOT SPECIFIED","52.59",""
"SURVEY","2022","YEAR","","COUNTY","CALIFORNIA","06","CENTRAL COAST","40","SAN BENITO","069","","","00000000","","TOMATOES","TOMATOES, IN THE OPEN, PROCESSING - YIELD, MEASURED IN TONS / ACRE","TOTAL","NOT SPECIFIED","35",""
"SURVEY","2022","YEAR","","COUNTY","CALIFORNIA","06","SACRAMENTO VALLEY","50","BUTTE","007","","","00000000","","TOMATOES","TOMATOES, IN THE OPEN, PROCESSING - YIELD, MEASURED IN TONS / ACRE","TOTAL","NOT SPECIFIED","54.42",""
"SURVEY","2022","YEAR","","COUNTY","CALIFORNIA","06","SACRAMENTO VALLEY","50","COLUSA","011","","","00000000","","TOMATOES","TOMATOES, IN THE OPEN, PROCESSING - YIELD, MEASURED IN TONS / ACRE","TOTAL","NOT SPECIFIED","50.22",""
"SURVEY","2022","YEAR","","COUNTY","CALIFORNIA","06","SACRAMENTO VALLEY","50","GLENN","021","","","00000000","","TOMATOES","TOMATOES, IN THE OPEN, PROCESSING - YIELD, MEASURED IN TONS / ACRE","TOTAL","NOT SPECIFIED","41.13",""
"SURVEY","2022","YEAR","","COUNTY","CALIFORNIA","06","SACRAMENTO VALLEY","50","SACRAMENTO","067","","","00000000","","TOMATOES","TOMATOES, IN THE OPEN, PROCESSING - YIELD, MEASURED IN TONS / ACRE","TOTAL","NOT SPECIFIED","33.61",""
"SURVEY","2022","YEAR","","COUNTY","CALIFORNIA","06","SACRAMENTO VALLEY","50","SOLANO","095","","","00000000","","TOMATOES","TOMATOES, IN THE OPEN, PROCESSING - YIELD, MEASURED IN TONS / ACRE","TOTAL","NOT SPECIFIED","37.84",""
"SURVEY","2022","YEAR","","COUNTY","CALIFORNIA","06","SACRAMENTO VALLEY","50","SUTTER","101","","","00000000","","TOMATOES","TOMATOES, IN THE OPEN, PROCESSING - YIELD, MEASURED IN TONS / ACRE","TOTAL","NOT SPECIFIED","39.04",""
"SURVEY","2022","YEAR","","COUNTY","CALIFORNIA","06","SACRAMENTO VALLEY","50","TEHAMA","103","","","00000000","","TOMATOES","TOMATOES, IN THE OPEN, PROCESSING - YIELD, MEASURED IN TONS / ACRE","TOTAL","NOT SPECIFIED","43.33",""
"SURVEY","2022","YEAR","","COUNTY","CALIFORNIA","06","SACRAMENTO VALLEY","50","YOLO","113","","","00000000","","TOMATOES","TOMATOES, IN THE OPEN, PROCESSING - YIELD, MEASURED IN TONS / ACRE","TOTAL","NOT SPECIFIED","45.55",""
"SURVEY","2022","YEAR","","COUNTY","CALIFORNIA","06","SAN JOAQUIN VALLEY","51","FRESNO","019","","","00000000","","TOMATOES","TOMATOES, IN THE OPEN, PROCESSING - YIELD, MEASURED IN TONS / ACRE","TOTAL","NOT SPECIFIED","47.28",""
"SURVEY","2022","YEAR","","COUNTY","CALIFORNIA","06","SAN JOAQUIN VALLEY","51","KERN","029","","","00000000","","TOMATOES","TOMATOES, IN THE OPEN, PROCESSING - YIELD, MEASURED IN TONS / ACRE","TOTAL","NOT SPECIFIED","54.86",""
"SURVEY","2022","YEAR","","COUNTY","CALIFORNIA","06","SAN JOAQUIN VALLEY","51","KINGS","031","","","00000000","","TOMATOES","TOMATOES, IN THE OPEN, PROCESSING - YIELD, MEASURED IN TONS / ACRE","TOTAL","NOT SPECIFIED","54.22",""
"SURVEY","2022","YEAR","","COUNTY","CALIFORNIA","06","SAN JOAQUIN VALLEY","51","MADERA","039","","","00000000","","TOMATOES","TOMATOES, IN THE OPEN, PROCESSING - YIELD, MEASURED IN TONS / ACRE","TOTAL","NOT SPECIFIED","43.32",""
"SURVEY","2022","YEAR","","COUNTY","CALIFORNIA","06","SAN JOAQUIN VALLEY","51","MERCED","047","","","00000000","","TOMATOES","TOMATOES, IN THE OPEN, PROCESSING - YIELD, MEASURED IN TONS / ACRE","TOTAL","NOT SPECIFIED","44.15",""
"SURVEY","2022","YEAR","","COUNTY","CALIFORNIA","06","SAN JOAQUIN VALLEY","51","SAN JOAQUIN","077","","","00000000","","TOMATOES","TOMATOES, IN THE OPEN, PROCESSING - YIELD, MEASURED IN TONS / ACRE","TOTAL","NOT SPECIFIED","43.01",""
"SURVEY","2022","YEAR","","COUNTY","CALIFORNIA","06","SAN JOAQUIN VALLEY","51","STANISLAUS","099","","","00000000","","TOMATOES","TOMATOES, IN THE OPEN, PROCESSING - YIELD, MEASURED IN TONS / ACRE","TOTAL","NOT SPECIFIED","44.31",""
"SURVEY","2021","YEAR","","COUNTY","CALIFORNIA","06","","99","OTHER COUNTIES","","","","00000000","","TOMATOES","TOMATOES, IN THE OPEN, PROCESSING - YIELD, MEASURED IN TONS / ACRE","TOTAL","NOT SPECIFIED","54.36",""
"SURVEY","2021","YEAR","","COUNTY","CALIFORNIA","06","CENTRAL COAST","40","CONTRA COSTA","013","","","00000000","","TOMATOES","TOMATOES, IN THE OPEN, PROCESSING - YIELD, MEASURED IN TONS / ACRE","TOTAL","NOT SPECIFIED","63.81",""
"SURVEY","2021","YEAR","","COUNTY","CALIFORNIA","06","SACRAMENTO VALLEY","50","BUTTE","007","","","00000000","","TOMATOES","TOMATOES, IN THE OPEN, PROCESSING - YIELD, MEASURED IN TONS / ACRE","TOTAL","NOT SPECIFIED","24.59",""
"SURVEY","2021","YEAR","","COUNTY","CALIFORNIA","06","SACRAMENTO VALLEY","50","COLUSA","011","","","00000000","","TOMATOES","TOMATOES, IN THE OPEN, PROCESSING - YIELD, MEASURED IN TONS / ACRE","TOTAL","NOT SPECIFIED","49.46",""
"SURVEY","2021","YEAR","","COUNTY","CALIFORNIA","06","SACRAMENTO VALLEY","50","GLENN","021","","","00000000","","TOMATOES","TOMATOES, IN THE OPEN, PROCESSING - YIELD, MEASURED IN TONS / ACRE","TOTAL","NOT SPECIFIED","46.36",""
"SURVEY","2021","YEAR","","COUNTY","CALIFORNIA","06","SACRAMENTO VALLEY","50","SACRAMENTO","067","","","00000000","","TOMATOES","TOMATOES, IN THE OPEN, PROCESSING - YIELD, MEASURED IN TONS / ACRE","TOTAL","NOT SPECIFIED","35.84",""
"SURVEY","2021","YEAR","","COUNTY","CALIFORNIA","06","SACRAMENTO VALLEY","50","SOLANO","095","","","00000000","","TOMATOES","TOMATOES, IN THE OPEN, PROCESSING - YIELD, MEASURED IN TONS / ACRE","TOTAL","NOT SPECIFIED","54.07",""
"SURVEY","2021","YEAR","","COUNTY","CALIFORNIA","06","SACRAMENTO VALLEY","50","SUTTER","101","","","00000000","","TOMATOES","TOMATOES, IN THE OPEN, PROCESSING - YIELD, MEASURED IN TONS / ACRE","TOTAL","NOT SPECIFIED","44.95",""
"SURVEY","2021","YEAR","","COUNTY","CALIFORNIA","06","SACRAMENTO VALLEY","50","YOLO","113","","","00000000","","TOMATOES","TOMATOES, IN THE OPEN, PROCESSING - YIELD, MEASURED IN TONS / ACRE","TOTAL","NOT SPECIFIED","49.72",""
"SURVEY","2021","YEAR","","COUNTY","CALIFORNIA","06","SAN JOAQUIN VALLEY","51","FRESNO","019","","","00000000","","TOMATOES","TOMATOES, IN THE OPEN, PROCESSING - YIELD, MEASURED IN TONS / ACRE","TOTAL","NOT SPECIFIED","45.17",""
"SURVEY","2021","YEAR","","COUNTY","CALIFORNIA","06","SAN JOAQUIN VALLEY","51","KERN","029","","","00000000","","TOMATOES","TOMATOES, IN THE OPEN, PROCESSING - YIELD, MEASURED IN TONS / ACRE","TOTAL","NOT SPECIFIED","56.38",""
"SURVEY","2021","YEAR","","COUNTY","CALIFORNIA","06","SAN JOAQUIN VALLEY","51","KINGS","031","","","00000000","","TOMATOES","TOMATOES, IN THE OPEN, PROCESSING - YIELD, MEASURED IN TONS / ACRE","TOTAL","NOT SPECIFIED","46.85",""
"SURVEY","2021","YEAR","","COUNTY","CALIFORNIA","06","SAN JOAQUIN VALLEY","51","MADERA","039","","","00000000","","TOMATOES","TOMATOES, IN THE OPEN, PROCESSING - YIELD, MEASURED IN TONS / ACRE","TOTAL","NOT SPECIFIED","45.86",""
"SURVEY","2021","YEAR","","COUNTY","CALIFORNIA","06","SAN JOAQUIN VALLEY","51","MERCED","047","","","00000000","","TOMATOES","TOMATOES, IN THE OPEN, PROCESSING - YIELD, MEASURED IN TONS / ACRE","TOTAL","NOT SPECIFIED","46.47",""
"SURVEY","2021","YEAR","","COUNTY","CALIFORNIA","06","SAN JOAQUIN VALLEY","51","SAN JOAQUIN","077","","","00000000","","TOMATOES","TOMATOES, IN THE OPEN, PROCESSING - YIELD, MEASURED IN TONS / ACRE","TOTAL","NOT SPECIFIED","43.67",""
"SURVEY","2021","YEAR","","COUNTY","CALIFORNIA","06","SAN JOAQUIN VALLEY","51","STANISLAUS","099","","","00000000","","TOMATOES","TOMATOES, IN THE OPEN, PROCESSING - YIELD, MEASURED IN TONS / ACRE","TOTAL","NOT SPECIFIED","48.24",""
"SURVEY","2021","YEAR","","COUNTY","CALIFORNIA","06","SAN JOAQUIN VALLEY","51","TULARE","107","","","00000000","","TOMATOES","TOMATOES, IN THE OPEN, PROCESSING - YIELD, MEASURED IN TONS / ACRE","TOTAL","NOT SPECIFIED","72.32",""
"SURVEY","2021","YEAR","","COUNTY","CALIFORNIA","06","SOUTHERN CALIFORNIA","80","IMPERIAL","025","","","00000000","","TOMATOES","TOMATOES, IN THE OPEN, PROCESSING - YIELD, MEASURED IN TONS / ACRE","TOTAL","NOT SPECIFIED","23.85",""
"SURVEY","2020","YEAR","","COUNTY","CALIFORNIA","06","","99","OTHER COUNTIES","","","","00000000","","TOMATOES","TOMATOES, IN THE OPEN, PROCESSING - YIELD, MEASURED IN TONS / ACRE","TOTAL","NOT SPECIFIED","59.16",""
"SURVEY","2020","YEAR","","COUNTY","CALIFORNIA","06","CENTRAL COAST","40","CONTRA COSTA","013","","","00000000","","TOMATOES","TOMATOES, IN THE OPEN, PROCESSING - YIELD, MEASURED IN TONS / ACRE","TOTAL","NOT SPECIFIED","56.12",""
"SURVEY","2020","YEAR","","COUNTY","CALIFORNIA","06","SACRAMENTO VALLEY","50","BUTTE","007","","","00000000","","TOMATOES","TOMATOES, IN THE OPEN, PROCESSING - YIELD, MEASURED IN TONS / ACRE","TOTAL","NOT SPECIFIED","44.4",""
"SURVEY","2020","YEAR","","COUNTY","CALIFORNIA","06","SACRAMENTO VALLEY","50","COLUSA","011","","","00000000","","TOMATOES","TOMATOES, IN THE OPEN, PROCESSING - YIELD, MEASURED IN TONS / ACRE","TOTAL","NOT SPECIFIED","51.21",""
"SURVEY","2020","YEAR","","COUNTY","CALIFORNIA","06","SACRAMENTO VALLEY","50","GLENN","021","","","00000000","","TOMATOES","TOMATOES, IN THE OPEN, PROCESSING - YIELD, MEASURED IN TONS / ACRE","TOTAL","NOT SPECIFIED","43.14",""
"SURVEY","2020","YEAR","","COUNTY","CALIFORNIA","06","SACRAMENTO VALLEY","50","SACRAMENTO","067","","","00000000","","TOMATOES","TOMATOES, IN THE OPEN, PROCESSING - YIELD, MEASURED IN TONS / ACRE","TOTAL","NOT SPECIFIED","50.14",""
"SURVEY","2020","YEAR","","COUNTY","CALIFORNIA","06","SACRAMENTO VALLEY","50","SOLANO","095","","","00000000","","TOMATOES","TOMATOES, IN THE OPEN, PROCESSING - YIELD, MEASURED IN TONS / ACRE","TOTAL","NOT SPECIFIED","51.34",""
"SURVEY","2020","YEAR","","COUNTY","CALIFORNIA","06","SACRAMENTO VALLEY","50","SUTTER","101","","","00000000","","TOMATOES","TOMATOES, IN THE OPEN, PROCESSING - YIELD, MEASURED IN TONS / ACRE","TOTAL","NOT SPECIFIED","47.19",""
"SURVEY","2020","YEAR","","COUNTY","CALIFORNIA","06","SACRAMENTO VALLEY","50","YOLO","113","","","00000000","","TOMATOES","TOMATOES, IN THE OPEN, PROCESSING - YIELD, MEASURED IN TONS / ACRE","TOTAL","NOT SPECIFIED","45.81",""
"SURVEY","2020","YEAR","","COUNTY","CALIFORNIA","06","SAN JOAQUIN VALLEY","51","FRESNO","019","","","00000000","","TOMATOES","TOMATOES, IN THE OPEN, PROCESSING - YIELD, MEASURED IN TONS / ACRE","TOTAL","NOT SPECIFIED","52.04",""
"SURVEY","2020","YEAR","","COUNTY","CALIFORNIA","06","SAN JOAQUIN VALLEY","51","KERN","029","","","00000000","","TOMATOES","TOMATOES, IN THE OPEN, PROCESSING - YIELD, MEASURED IN TONS / ACRE","TOTAL","NOT SPECIFIED","57.95",""
"SURVEY","2020","YEAR","","COUNTY","CALIFORNIA","06","SAN JOAQUIN VALLEY","51","KINGS","031","","","00000000","","TOMATOES","TOMATOES, IN THE OPEN, PROCESSING - YIELD, MEASURED IN TONS / ACRE","TOTAL","NOT SPECIFIED","51.99",""
"SURVEY","2020","YEAR","","COUNTY","CALIFORNIA","06","SAN JOAQUIN VALLEY","51","MADERA","039","","","00000000","","TOMATOES","TOMATOES, IN THE OPEN, PROCESSING - YIELD, MEASURED IN TONS / ACRE","TOTAL","NOT SPECIFIED","50.66",""
"SURVEY","2020","YEAR","","COUNTY","CALIFORNIA","06","SAN JOAQUIN VALLEY","51","MERCED","047","","","00000000","","TOMATOES","TOMATOES, IN THE OPEN, PROCESSING - YIELD, MEASURED IN TONS / ACRE","TOTAL","NOT SPECIFIED","46.59",""
"SURVEY","2020","YEAR","","COUNTY","CALIFORNIA","06","SAN JOAQUIN VALLEY","51","SAN JOAQUIN","077","","","00000000","","TOMATOES","TOMATOES, IN THE OPEN, PROCESSING - YIELD, MEASURED IN TONS / ACRE","TOTAL","NOT SPECIFIED","44.03",""
"SURVEY","2020","YEAR","","COUNTY","CALIFORNIA","06","SAN JOAQUIN VALLEY","51","STANISLAUS","099","","","00000000","","TOMATOES","TOMATOES, IN THE OPEN, PROCESSING - YIELD, MEASURED IN TONS / ACRE","TOTAL","NOT SPECIFIED","45.47",""
"SURVEY","2020","YEAR","","COUNTY","CALIFORNIA","06","SAN JOAQUIN VALLEY","51","TULARE","107","","","00000000","","TOMATOES","TOMATOES, IN THE OPEN, PROCESSING - YIELD, MEASURED IN TONS / ACRE","TOTAL","NOT SPECIFIED","40.48",""
"SURVEY","2019","YEAR","","COUNTY","CALIFORNIA","06","CENTRAL COAST","40","CONTRA COSTA","013","","","00000000","","TOMATOES","TOMATOES, IN THE OPEN, PROCESSING - YIELD, MEASURED IN TONS / ACRE","TOTAL","NOT SPECIFIED","49.78",""
"SURVEY","2019","YEAR","","COUNTY","CALIFORNIA","06","CENTRAL COAST","40","OTHER (COMBINED) COUNTIES","","","","00000000","","TOMATOES","TOMATOES, IN THE OPEN, PROCESSING - YIELD, MEASURED IN TONS / ACRE","TOTAL","NOT SPECIFIED","46.64",""
"SURVEY","2019","YEAR","","COUNTY","CALIFORNIA","06","SACRAMENTO VALLEY","50","BUTTE","007","","","00000000","","TOMATOES","TOMATOES, IN THE OPEN, PROCESSING - YIELD, MEASURED IN TONS / ACRE","TOTAL","NOT SPECIFIED","38.73",""
"SURVEY","2019","YEAR","","COUNTY","CALIFORNIA","06","SACRAMENTO VALLEY","50","COLUSA","011","","","00000000","","TOMATOES","TOMATOES, IN THE OPEN, PROCESSING - YIELD, MEASURED IN TONS / ACRE","TOTAL","NOT SPECIFIED","51.24",""
"SURVEY","2019","YEAR","","COUNTY","CALIFORNIA","06","SACRAMENTO VALLEY","50","GLENN","021","","","00000000","","TOMATOES","TOMATOES, IN THE OPEN, PROCESSING - YIELD, MEASURED IN TONS / ACRE","TOTAL","NOT SPECIFIED","42.76",""
"SURVEY","2019","YEAR","","COUNTY","CALIFORNIA","06","SACRAMENTO VALLEY","50","SACRAMENTO","067","","","00000000","","TOMATOES","TOMATOES, IN THE OPEN, PROCESSING - YIELD, MEASURED IN TONS / ACRE","TOTAL","NOT SPECIFIED","45.22",""
"SURVEY","2019","YEAR","","COUNTY","CALIFORNIA","06","SACRAMENTO VALLEY","50","SOLANO","095","","","00000000","","TOMATOES","TOMATOES, IN THE OPEN, PROCESSING - YIELD, MEASURED IN TONS / ACRE","TOTAL","NOT SPECIFIED","49.66",""
"SURVEY","2019","YEAR","","COUNTY","CALIFORNIA","06","SACRAMENTO VALLEY","50","SUTTER","101","","","00000000","","TOMATOES","TOMATOES, IN THE OPEN, PROCESSING - YIELD, MEASURED IN TONS / ACRE","TOTAL","NOT SPECIFIED","40.77",""
"SURVEY","2019","YEAR","","COUNTY","CALIFORNIA","06","SACRAMENTO VALLEY","50","YOLO","113","","","00000000","","TOMATOES","TOMATOES, IN THE OPEN, PROCESSING - YIELD, MEASURED IN TONS / ACRE","TOTAL","NOT SPECIFIED","44.94",""
"SURVEY","2019","YEAR","","COUNTY","CALIFORNIA","06","SAN JOAQUIN VALLEY","51","FRESNO","019","","","00000000","","TOMATOES","TOMATOES, IN THE OPEN, PROCESSING - YIELD, MEASURED IN TONS / ACRE","TOTAL","NOT SPECIFIED","51.5",""
"SURVEY","2019","YEAR","","COUNTY","CALIFORNIA","06","SAN JOAQUIN VALLEY","51","KERN","029","","","00000000","","TOMATOES","TOMATOES, IN THE OPEN, PROCESSING - YIELD, MEASURED IN TONS / ACRE","TOTAL","NOT SPECIFIED","53.38",""
"SURVEY","2019","YEAR","","COUNTY","CALIFORNIA","06","SAN JOAQUIN VALLEY","51","KINGS","031","","","00000000","","TOMATOES","TOMATOES, IN THE OPEN, PROCESSING - YIELD, MEASURED IN TONS / ACRE","TOTAL","NOT SPECIFIED","54.11",""
"SURVEY","2019","YEAR","","COUNTY","CALIFORNIA","06","SAN JOAQUIN VALLEY","51","MERCED","047","","","00000000","","TOMATOES","TOMATOES, IN THE OPEN, PROCESSING - YIELD, MEASURED IN TONS / ACRE","TOTAL","NOT SPECIFIED","49.12",""
"SURVEY","2019","YEAR","","COUNTY","CALIFORNIA","06","SAN JOAQUIN VALLEY","51","OTHER (COMBINED) COUNTIES","","","","00000000","","TOMATOES","TOMATOES, IN THE OPEN, PROCESSING - YIELD, MEASURED IN TONS / ACRE","TOTAL","NOT SPECIFIED","48.25",""
"SURVEY","2019","YEAR","","COUNTY","CALIFORNIA","06","SAN JOAQUIN VALLEY","51","SAN JOAQUIN","077","","","00000000","","TOMATOES","TOMATOES, IN THE OPEN, PROCESSING - YIELD, MEASURED IN TONS / ACRE","TOTAL","NOT SPECIFIED","43.02",""
"SURVEY","2019","YEAR","","COUNTY","CALIFORNIA","06","SAN JOAQUIN VALLEY","51","STANISLAUS","099","","","00000000","","TOMATOES","TOMATOES, IN THE OPEN, PROCESSING - YIELD, MEASURED IN TONS / ACRE","TOTAL","NOT SPECIFIED","45.64",""
"SURVEY","2018","YEAR","","COUNTY","CALIFORNIA","06","CENTRAL COAST","40","CONTRA COSTA","013","","","00000000","","TOMATOES","TOMATOES, IN THE OPEN, PROCESSING - YIELD, MEASURED IN TONS / ACRE","TOTAL","NOT SPECIFIED","48.03",""
"SURVEY","2018","YEAR","","COUNTY","CALIFORNIA","06","CENTRAL COAST","40","OTHER (COMBINED) COUNTIES","","","","00000000","","TOMATOES","TOMATOES, IN THE OPEN, PROCESSING - YIELD, MEASURED IN TONS / ACRE","TOTAL","NOT SPECIFIED","43.53",""
"SURVEY","2018","YEAR","","COUNTY","CALIFORNIA","06","SACRAMENTO VALLEY","50","BUTTE","007","","","00000000","","TOMATOES","TOMATOES, IN THE OPEN, PROCESSING - YIELD, MEASURED IN TONS / ACRE","TOTAL","NOT SPECIFIED","52.15",""
"SURVEY","2018","YEAR","","COUNTY","CALIFORNIA","06","SACRAMENTO VALLEY","50","COLUSA","011","","","00000000","","TOMATOES","TOMATOES, IN THE OPEN, PROCESSING - YIELD, MEASURED IN TONS / ACRE","TOTAL","NOT SPECIFIED","48.93",""
"SURVEY","2018","YEAR","","COUNTY","CALIFORNIA","06","SACRAMENTO VALLEY","50","GLENN","021","","","00000000","","TOMATOES","TOMATOES, IN THE OPEN, PROCESSING - YIELD, MEASURED IN TONS / ACRE","TOTAL","NOT SPECIFIED","42.05",""
"SURVEY","2018","YEAR","","COUNTY","CALIFORNIA","06","SACRAMENTO VALLEY","50","SACRAMENTO","067","","","00000000","","TOMATOES","TOMATOES, IN THE OPEN, PROCESSING - YIELD, MEASURED IN TONS / ACRE","TOTAL","NOT SPECIFIED","48.2",""
"SURVEY","2018","YEAR","","COUNTY","CALIFORNIA","06","SACRAMENTO VALLEY","50","SOLANO","095","","","00000000","","TOMATOES","TOMATOES, IN THE OPEN, PROCESSING - YIELD, MEASURED IN TONS / ACRE","TOTAL","NOT SPECIFIED","44.79",""
"SURVEY","2018","YEAR","","COUNTY","CALIFORNIA","06","SACRAMENTO VALLEY","50","SUTTER","101","","","00000000","","TOMATOES","TOMATOES, IN THE OPEN, PROCESSING - YIELD, MEASURED IN TONS / ACRE","TOTAL","NOT SPECIFIED","42.5",""
"SURVEY","2018","YEAR","","COUNTY","CALIFORNIA","06","SACRAMENTO VALLEY","50","YOLO","113","","","00000000","","TOMATOES","TOMATOES, IN THE OPEN, PROCESSING - YIELD, MEASURED IN TONS / ACRE","TOTAL","NOT SPECIFIED","47.4",""
"SURVEY","2018","YEAR","","COUNTY","CALIFORNIA","06","SAN JOAQUIN VALLEY","51","FRESNO","019","","","00000000","","TOMATOES","TOMATOES, IN THE OPEN, PROCESSING - YIELD, MEASURED IN TONS / ACRE","TOTAL","NOT SPECIFIED","55.42",""
"SURVEY","2018","YEAR","","COUNTY","CALIFORNIA","06","SAN JOAQUIN VALLEY","51","KERN","029","","","00000000","","TOMATOES","TOMATOES, IN THE OPEN, PROCESSING - YIELD, MEASURED IN TONS / ACRE","TOTAL","NOT SPECIFIED","61.72",""
"SURVEY","2018","YEAR","","COUNTY","CALIFORNIA","06","SAN JOAQUIN VALLEY","51","KINGS","031","","","00000000","","TOMATOES","TOMATOES, IN THE OPEN, PROCESSING - YIELD, MEASURED IN TONS / ACRE","TOTAL","NOT SPECIFIED","59.93",""
"SURVEY","2018","YEAR","","COUNTY","CALIFORNIA","06","SAN JOAQUIN VALLEY","51","MERCED","047","","","00000000","","TOMATOES","TOMATOES, IN THE OPEN, PROCESSING - YIELD, MEASURED IN TONS / ACRE","TOTAL","NOT SPECIFIED","52.56",""
"SURVEY","2018","YEAR","","COUNTY","CALIFORNIA","06","SAN JOAQUIN VALLEY","51","OTHER (COMBINED) COUNTIES","","","","00000000","","TOMATOES","TOMATOES, IN THE OPEN, PROCESSING - YIELD, MEASURED IN TONS / ACRE","TOTAL","NOT SPECIFIED","55.37",""
"SURVEY","2018","YEAR","","COUNTY","CALIFORNIA","06","SAN JOAQUIN VALLEY","51","SAN JOAQUIN","077","","","00000000","","TOMATOES","TOMATOES, IN THE OPEN, PROCESSING - YIELD, MEASURED IN TONS / ACRE","TOTAL","NOT SPECIFIED","47.88",""
"SURVEY","2018","YEAR","","COUNTY","CALIFORNIA","06","SAN JOAQUIN VALLEY","51","STANISLAUS","099","","","00000000","","TOMATOES","TOMATOES, IN THE OPEN, PROCESSING - YIELD, MEASURED IN TONS / ACRE","TOTAL","NOT SPECIFIED","41.88",""
"SURVEY","2017","YEAR","","COUNTY","CALIFORNIA","06","CENTRAL COAST","40","CONTRA COSTA","013","","","00000000","","TOMATOES","TOMATOES, IN THE OPEN, PROCESSING - YIELD, MEASURED IN TONS / ACRE","TOTAL","NOT SPECIFIED","44.62",""
"SURVEY","2017","YEAR","","COUNTY","CALIFORNIA","06","CENTRAL COAST","40","SAN BENITO","069","","","00000000","","TOMATOES","TOMATOES, IN THE OPEN, PROCESSING - YIELD, MEASURED IN TONS / ACRE","TOTAL","NOT SPECIFIED","36.3",""
"SURVEY","2017","YEAR","","COUNTY","CALIFORNIA","06","SACRAMENTO VALLEY","50","COLUSA","011","","","00000000","","TOMATOES","TOMATOES, IN THE OPEN, PROCESSING - YIELD, MEASURED IN TONS / ACRE","TOTAL","NOT SPECIFIED","45.63",""
"SURVEY","2017","YEAR","","COUNTY","CALIFORNIA","06","SACRAMENTO VALLEY","50","OTHER (COMBINED) COUNTIES","","","","00000000","","TOMATOES","TOMATOES, IN THE OPEN, PROCESSING - YIELD, MEASURED IN TONS / ACRE","TOTAL","NOT SPECIFIED","37.06",""
"SURVEY","2017","YEAR","","COUNTY","CALIFORNIA","06","SACRAMENTO VALLEY","50","SACRAMENTO","067","","","00000000","","TOMATOES","TOMATOES, IN THE OPEN, PROCESSING - YIELD, MEASURED IN TONS / ACRE","TOTAL","NOT SPECIFIED","43.3",""
"SURVEY","2017","YEAR","","COUNTY","CALIFORNIA","06","SACRAMENTO VALLEY","50","SOLANO","095","","","00000000","","TOMATOES","TOMATOES, IN THE OPEN, PROCESSING - YIELD, MEASURED IN TONS / ACRE","TOTAL","NOT SPECIFIED","41.63",""
"SURVEY","2017","YEAR","","COUNTY","CALIFORNIA","06","SACRAMENTO VALLEY","50","SUTTER","101","","","00000000","","TOMATOES","TOMATOES, IN THE OPEN, PROCESSING - YIELD, MEASURED IN TONS / ACRE","TOTAL","NOT SPECIFIED","38.19",""
"SURVEY","2017","YEAR","","COUNTY","CALIFORNIA","06","SACRAMENTO VALLEY","50","YOLO","113","","","00000000","","TOMATOES","TOMATOES, IN THE OPEN, PROCESSING - YIELD, MEASURED IN TONS / ACRE","TOTAL","NOT SPECIFIED","43.08",""
"SURVEY","2017","YEAR","","COUNTY","CALIFORNIA","06","SAN JOAQUIN VALLEY","51","FRESNO","019","","","00000000","","TOMATOES","TOMATOES, IN THE OPEN, PROCESSING - YIELD, MEASURED IN TONS / ACRE","TOTAL","NOT SPECIFIED","50.98",""
"SURVEY","2017","YEAR","","COUNTY","CALIFORNIA","06","SAN JOAQUIN VALLEY","51","KERN","029","","","00000000","","TOMATOES","TOMATOES, IN THE OPEN, PROCESSING - YIELD, MEASURED IN TONS / ACRE","TOTAL","NOT SPECIFIED","50.14",""
"SURVEY","2017","YEAR","","COUNTY","CALIFORNIA","06","SAN JOAQUIN VALLEY","51","KINGS","031","","","00000000","","TOMATOES","TOMATOES, IN THE OPEN, PROCESSING - YIELD, MEASURED IN TONS / ACRE","TOTAL","NOT SPECIFIED","51.88",""
"SURVEY","2017","YEAR","","COUNTY","CALIFORNIA","06","SAN JOAQUIN VALLEY","51","MADERA","039","","","00000000","","TOMATOES","TOMATOES, IN THE OPEN, PROCESSING - YIELD, MEASURED IN TONS / ACRE","TOTAL","NOT SPECIFIED","48.38",""
"SURVEY","2017","YEAR","","COUNTY","CALIFORNIA","06","SAN JOAQUIN VALLEY","51","MERCED","047","","","00000000","","TOMATOES","TOMATOES, IN THE OPEN, PROCESSING - YIELD, MEASURED IN TONS / ACRE","TOTAL","NOT SPECIFIED","47.95",""
"SURVEY","2017","YEAR","","COUNTY","CALIFORNIA","06","SAN JOAQUIN VALLEY","51","SAN JOAQUIN","077","","","00000000","","TOMATOES","TOMATOES, IN THE OPEN, PROCESSING - YIELD, MEASURED IN TONS / ACRE","TOTAL","NOT SPECIFIED","42.35",""
"SURVEY","2017","YEAR","","COUNTY","CALIFORNIA","06","SAN JOAQUIN VALLEY","51","STANISLAUS","099","","","00000000","","TOMATOES","TOMATOES, IN THE OPEN, PROCESSING - YIELD, MEASURED IN TONS / ACRE","TOTAL","NOT SPECIFIED","39.62",""
"SURVEY","2016","YEAR","","COUNTY","CALIFORNIA","06","CENTRAL COAST","40","OTHER (COMBINED) COUNTIES","","","","00000000","","TOMATOES","TOMATOES, IN THE OPEN, PROCESSING - YIELD, MEASURED IN TONS / ACRE","TOTAL","NOT SPECIFIED","51.17",""
"SURVEY","2016","YEAR","","COUNTY","CALIFORNIA","06","CENTRAL COAST","40","SAN BENITO","069","","","00000000","","TOMATOES","TOMATOES, IN THE OPEN, PROCESSING - YIELD, MEASURED IN TONS / ACRE","TOTAL","NOT SPECIFIED","43.14",""
"SURVEY","2016","YEAR","","COUNTY","CALIFORNIA","06","SACRAMENTO VALLEY","50","COLUSA","011","","","00000000","","TOMATOES","TOMATOES, IN THE OPEN, PROCESSING - YIELD, MEASURED IN TONS / ACRE","TOTAL","NOT SPECIFIED","53.26",""
"SURVEY","2016","YEAR","","COUNTY","CALIFORNIA","06","SACRAMENTO VALLEY","50","OTHER (COMBINED) COUNTIES","","","","00000000","","TOMATOES","TOMATOES, IN THE OPEN, PROCESSING - YIELD, MEASURED IN TONS / ACRE","TOTAL","NOT SPECIFIED","52.35",""
"SURVEY","2016","YEAR","","COUNTY","CALIFORNIA","06","SACRAMENTO VALLEY","50","SACRAMENTO","067","","","00000000","","TOMATOES","TOMATOES, IN THE OPEN, PROCESSING - YIELD, MEASURED IN TONS / ACRE","TOTAL","NOT SPECIFIED","46.81",""
"SURVEY","2016","YEAR","","COUNTY","CALIFORNIA","06","SACRAMENTO VALLEY","50","SOLANO","095","","","00000000","","TOMATOES","TOMATOES, IN THE OPEN, PROCESSING - YIELD, MEASURED IN TONS / ACRE","TOTAL","NOT SPECIFIED","46.43",""
"SURVEY","2016","YEAR","","COUNTY","CALIFORNIA","06","SACRAMENTO VALLEY","50","SUTTER","101","","","00000000","","TOMATOES","TOMATOES, IN THE OPEN, PROCESSING - YIELD, MEASURED IN TONS / ACRE","TOTAL","NOT SPECIFIED","47.9",""
"SURVEY","2016","YEAR","","COUNTY","CALIFORNIA","06","SACRAMENTO VALLEY","50","YOLO","113","","","00000000","","TOMATOES","TOMATOES, IN THE OPEN, PROCESSING - YIELD, MEASURED IN TONS / ACRE","TOTAL","NOT SPECIFIED","46.9",""
"SURVEY","2016","YEAR","","COUNTY","CALIFORNIA","06","SAN JOAQUIN VALLEY","51","FRESNO","019","","","00000000","","TOMATOES","TOMATOES, IN THE OPEN, PROCESSING - YIELD, MEASURED IN TONS / ACRE","TOTAL","NOT SPECIFIED","50.03",""
"SURVEY","2016","YEAR","","COUNTY","CALIFORNIA","06","SAN JOAQUIN VALLEY","51","KERN","029","","","00000000","","TOMATOES","TOMATOES, IN THE OPEN, PROCESSING - YIELD, MEASURED IN TONS / ACRE","TOTAL","NOT SPECIFIED","46.4",""
"SURVEY","2016","YEAR","","COUNTY","CALIFORNIA","06","SAN JOAQUIN VALLEY","51","KINGS","031","","","00000000","","TOMATOES","TOMATOES, IN THE OPEN, PROCESSING - YIELD, MEASURED IN TONS / ACRE","TOTAL","NOT SPECIFIED","54.74",""
"SURVEY","2016","YEAR","","COUNTY","CALIFORNIA","06","SAN JOAQUIN VALLEY","51","MERCED","047","","","00000000","","TOMATOES","TOMATOES, IN THE OPEN, PROCESSING - YIELD, MEASURED IN TONS / ACRE","TOTAL","NOT SPECIFIED","47.74",""
"SURVEY","2016","YEAR","","COUNTY","CALIFORNIA","06","SAN JOAQUIN VALLEY","51","OTHER (COMBINED) COUNTIES","","","","00000000","","TOMATOES","TOMATOES, IN THE OPEN, PROCESSING - YIELD, MEASURED IN TONS / ACRE","TOTAL","NOT SPECIFIED","52.87",""
"SURVEY","2016","YEAR","","COUNTY","CALIFORNIA","06","SAN JOAQUIN VALLEY","51","SAN JOAQUIN","077","","","00000000","","TOMATOES","TOMATOES, IN THE OPEN, PROCESSING - YIELD, MEASURED IN TONS / ACRE","TOTAL","NOT SPECIFIED","45.83",""
"SURVEY","2016","YEAR","","COUNTY","CALIFORNIA","06","SAN JOAQUIN VALLEY","51","STANISLAUS","099","","","00000000","","TOMATOES","TOMATOES, IN THE OPEN, PROCESSING - YIELD, MEASURED IN TONS / ACRE","TOTAL","NOT SPECIFIED","39.8",""
"SURVEY","2015","YEAR","","COUNTY","CALIFORNIA","06","CENTRAL COAST","40","OTHER (COMBINED) COUNTIES","","","","00000000","","TOMATOES","TOMATOES, IN THE OPEN, PROCESSING - YIELD, MEASURED IN TONS / ACRE","TOTAL","NOT SPECIFIED","51.36",""
"SURVEY","2015","YEAR","","COUNTY","CALIFORNIA","06","SACRAMENTO VALLEY","50","OTHER (COMBINED) COUNTIES","","","","00000000","","TOMATOES","TOMATOES, IN THE OPEN, PROCESSING - YIELD, MEASURED IN TONS / ACRE","TOTAL","NOT SPECIFIED","53.63",""
"SURVEY","2015","YEAR","","COUNTY","CALIFORNIA","06","SACRAMENTO VALLEY","50","SACRAMENTO","067","","","00000000","","TOMATOES","TOMATOES, IN THE OPEN, PROCESSING - YIELD, MEASURED IN TONS / ACRE","TOTAL","NOT SPECIFIED","40.24",""
"SURVEY","2015","YEAR","","COUNTY","CALIFORNIA","06","SACRAMENTO VALLEY","50","SOLANO","095","","","00000000","","TOMATOES","TOMATOES, IN THE OPEN, PROCESSING - YIELD, MEASURED IN TONS / ACRE","TOTAL","NOT SPECIFIED","44.73",""
"SURVEY","2015","YEAR","","COUNTY","CALIFORNIA","06","SACRAMENTO VALLEY","50","SUTTER","101","","","00000000","","TOMATOES","TOMATOES, IN THE OPEN, PROCESSING - YIELD, MEASURED IN TONS / ACRE","TOTAL","NOT SPECIFIED","44.92",""
"SURVEY","2015","YEAR","","COUNTY","CALIFORNIA","06","SACRAMENTO VALLEY","50","YOLO","113","","","00000000","","TOMATOES","TOMATOES, IN THE OPEN, PROCESSING - YIELD, MEASURED IN TONS / ACRE","TOTAL","NOT SPECIFIED","48.62",""
"SURVEY","2015","YEAR","","COUNTY","CALIFORNIA","06","SAN JOAQUIN VALLEY","51","FRESNO","019","","","00000000","","TOMATOES","TOMATOES, IN THE OPEN, PROCESSING - YIELD, MEASURED IN TONS / ACRE","TOTAL","NOT SPECIFIED","50.89",""
"SURVEY","2015","YEAR","","COUNTY","CALIFORNIA","06","SAN JOAQUIN VALLEY","51","KERN","029","","","00000000","","TOMATOES","TOMATOES, IN THE OPEN, PROCESSING - YIELD, MEASURED IN TONS / ACRE","TOTAL","NOT SPECIFIED","45.66",""
"SURVEY","2015","YEAR","","COUNTY","CALIFORNIA","06","SAN JOAQUIN VALLEY","51","KINGS","031","","","00000000","","TOMATOES","TOMATOES, IN THE OPEN, PROCESSING - YIELD, MEASURED IN TONS / ACRE","TOTAL","NOT SPECIFIED","50.79",""
"SURVEY","2015","YEAR","","COUNTY","CALIFORNIA","06","SAN JOAQUIN VALLEY","51","MERCED","047","","","00000000","","TOMATOES","TOMATOES, IN THE OPEN, PROCESSING - YIELD, MEASURED IN TONS / ACRE","TOTAL","NOT SPECIFIED","48.61",""
"SURVEY","2015","YEAR","","COUNTY","CALIFORNIA","06","SAN JOAQUIN VALLEY","51","OTHER (COMBINED) COUNTIES","","","","00000000","","TOMATOES","TOMATOES, IN THE OPEN, PROCESSING - YIELD, MEASURED IN TONS / ACRE","TOTAL","NOT SPECIFIED","54.22",""
"SURVEY","2015","YEAR","","COUNTY","CALIFORNIA","06","SAN JOAQUIN VALLEY","51","SAN JOAQUIN","077","","","00000000","","TOMATOES","TOMATOES, IN THE OPEN, PROCESSING - YIELD, MEASURED IN TONS / ACRE","TOTAL","NOT SPECIFIED","42.29",""
"SURVEY","2015","YEAR","","COUNTY","CALIFORNIA","06","SAN JOAQUIN VALLEY","51","STANISLAUS","099","","","00000000","","TOMATOES","TOMATOES, IN THE OPEN, PROCESSING - YIELD, MEASURED IN TONS / ACRE","TOTAL","NOT SPECIFIED","43.05",""
"SURVEY","2014","YEAR","","COUNTY","CALIFORNIA","06","CENTRAL COAST","40","OTHER (COMBINED) COUNTIES","","","","00000000","","TOMATOES","TOMATOES, IN THE OPEN, PROCESSING - YIELD, MEASURED IN TONS / ACRE","TOTAL","NOT SPECIFIED","47",""
"SURVEY","2014","YEAR","","COUNTY","CALIFORNIA","06","SACRAMENTO VALLEY","50","COLUSA","011","","","00000000","","TOMATOES","TOMATOES, IN THE OPEN, PROCESSING - YIELD, MEASURED IN TONS / ACRE","TOTAL","NOT SPECIFIED","48.94",""
"SURVEY","2014","YEAR","","COUNTY","CALIFORNIA","06","SACRAMENTO VALLEY","50","OTHER (COMBINED) COUNTIES","","","","00000000","","TOMATOES","TOMATOES, IN THE OPEN, PROCESSING - YIELD, MEASURED IN TONS / ACRE","TOTAL","NOT SPECIFIED","44",""
"SURVEY","2014","YEAR","","COUNTY","CALIFORNIA","06","SACRAMENTO VALLEY","50","SOLANO","095","","","00000000","","TOMATOES","TOMATOES, IN THE OPEN, PROCESSING - YIELD, MEASURED IN TONS / ACRE","TOTAL","NOT SPECIFIED","43.5",""
"SURVEY","2014","YEAR","","COUNTY","CALIFORNIA","06","SACRAMENTO VALLEY","50","SUTTER","101","","","00000000","","TOMATOES","TOMATOES, IN THE OPEN, PROCESSING - YIELD, MEASURED IN TONS / ACRE","TOTAL","NOT SPECIFIED","44.2",""
"SURVEY","2014","YEAR","","COUNTY","CALIFORNIA","06","SACRAMENTO VALLEY","50","YOLO","113","","","00000000","","TOMATOES","TOMATOES, IN THE OPEN, PROCESSING - YIELD, MEASURED IN TONS / ACRE","TOTAL","NOT SPECIFIED","46.46",""
"SURVEY","2014","YEAR","","COUNTY","CALIFORNIA","06","SAN JOAQUIN VALLEY","51","FRESNO","019","","","00000000","","TOMATOES","TOMATOES, IN THE OPEN, PROCESSING - YIELD, MEASURED IN TONS / ACRE","TOTAL","NOT SPECIFIED","49.33",""
"SURVEY","2014","YEAR","","COUNTY","CALIFORNIA","06","SAN JOAQUIN VALLEY","51","KERN","029","","","00000000","","TOMATOES","TOMATOES, IN THE OPEN, PROCESSING - YIELD, MEASURED IN TONS / ACRE","TOTAL","NOT SPECIFIED","52.86",""
"SURVEY","2014","YEAR","","COUNTY","CALIFORNIA","06","SAN JOAQUIN VALLEY","51","KINGS","031","","","00000000","","TOMATOES","TOMATOES, IN THE OPEN, PROCESSING - YIELD, MEASURED IN TONS / ACRE","TOTAL","NOT SPECIFIED","54.13",""
"SURVEY","2014","YEAR","","COUNTY","CALIFORNIA","06","SAN JOAQUIN VALLEY","51","MADERA","039","","","00000000","","TOMATOES","TOMATOES, IN THE OPEN, PROCESSING - YIELD, MEASURED IN TONS / ACRE","TOTAL","NOT SPECIFIED","50.67",""
"SURVEY","2014","YEAR","","COUNTY","CALIFORNIA","06","SAN JOAQUIN VALLEY","51","MERCED","047","","","00000000","","TOMATOES","TOMATOES, IN THE OPEN, PROCESSING - YIELD, MEASURED IN TONS / ACRE","TOTAL","NOT SPECIFIED","50.35",""
"SURVEY","2014","YEAR","","COUNTY","CALIFORNIA","06","SAN JOAQUIN VALLEY","51","SAN JOAQUIN","077","","","00000000","","TOMATOES","TOMATOES, IN THE OPEN, PROCESSING - YIELD, MEASURED IN TONS / ACRE","TOTAL","NOT SPECIFIED","44.03",""
"SURVEY","2014","YEAR","","COUNTY","CALIFORNIA","06","SAN JOAQUIN VALLEY","51","STANISLAUS","099","","","00000000","","TOMATOES","TOMATOES, IN THE OPEN, PROCESSING - YIELD, MEASURED IN TONS / ACRE","TOTAL","NOT SPECIFIED","45.7",""
"SURVEY","2013","YEAR","","COUNTY","CALIFORNIA","06","CENTRAL COAST","40","OTHER (COMBINED) COUNTIES","","","","00000000","","TOMATOES","TOMATOES, IN THE OPEN, PROCESSING - YIELD, MEASURED IN TONS / ACRE","TOTAL","NOT SPECIFIED","55",""
"SURVEY","2013","YEAR","","COUNTY","CALIFORNIA","06","CENTRAL COAST","40","SAN BENITO","069","","","00000000","","TOMATOES","TOMATOES, IN THE OPEN, PROCESSING - YIELD, MEASURED IN TONS / ACRE","TOTAL","NOT SPECIFIED","37.5",""
"SURVEY","2013","YEAR","","COUNTY","CALIFORNIA","06","SACRAMENTO VALLEY","50","COLUSA","011","","","00000000","","TOMATOES","TOMATOES, IN THE OPEN, PROCESSING - YIELD, MEASURED IN TONS / ACRE","TOTAL","NOT SPECIFIED","51.92",""
"SURVEY","2013","YEAR","","COUNTY","CALIFORNIA","06","SACRAMENTO VALLEY","50","SACRAMENTO","067","","","00000000","","TOMATOES","TOMATOES, IN THE OPEN, PROCESSING - YIELD, MEASURED IN TONS / ACRE","TOTAL","NOT SPECIFIED","39.5",""
"SURVEY","2013","YEAR","","COUNTY","CALIFORNIA","06","SACRAMENTO VALLEY","50","SOLANO","095","","","00000000","","TOMATOES","TOMATOES, IN THE OPEN, PROCESSING - YIELD, MEASURED IN TONS / ACRE","TOTAL","NOT SPECIFIED","39.33",""
"SURVEY","2013","YEAR","","COUNTY","CALIFORNIA","06","SACRAMENTO VALLEY","50","SUTTER","101","","","00000000","","TOMATOES","TOMATOES, IN THE OPEN, PROCESSING - YIELD, MEASURED IN TONS / ACRE","TOTAL","NOT SPECIFIED","38.71",""
"SURVEY","2013","YEAR","","COUNTY","CALIFORNIA","06","SACRAMENTO VALLEY","50","YOLO","113","","","00000000","","TOMATOES","TOMATOES, IN THE OPEN, PROCESSING - YIELD, MEASURED IN TONS / ACRE","TOTAL","NOT SPECIFIED","46.29",""
"SURVEY","2013","YEAR","","COUNTY","CALIFORNIA","06","SAN JOAQUIN VALLEY","51","FRESNO","019","","","00000000","","TOMATOES","TOMATOES, IN THE OPEN, PROCESSING - YIELD, MEASURED IN TONS / ACRE","TOTAL","NOT SPECIFIED","48.95",""
"SURVEY","2013","YEAR","","COUNTY","CALIFORNIA","06","SAN JOAQUIN VALLEY","51","KERN","029","","","00000000","","TOMATOES","TOMATOES, IN THE OPEN, PROCESSING - YIELD, MEASURED IN TONS / ACRE","TOTAL","NOT SPECIFIED","42.31",""
"SURVEY","2013","YEAR","","COUNTY","CALIFORNIA","06","SAN JOAQUIN VALLEY","51","KINGS","031","","","00000000","","TOMATOES","TOMATOES, IN THE OPEN, PROCESSING - YIELD, MEASURED IN TONS / ACRE","TOTAL","NOT SPECIFIED","45.81",""
"SURVEY","2013","YEAR","","COUNTY","CALIFORNIA","06","SAN JOAQUIN VALLEY","51","MADERA","039","","","00000000","","TOMATOES","TOMATOES, IN THE OPEN, PROCESSING - YIELD, MEASURED IN TONS / ACRE","TOTAL","NOT SPECIFIED","38.2",""
"SURVEY","2013","YEAR","","COUNTY","CALIFORNIA","06","SAN JOAQUIN VALLEY","51","MERCED","047","","","00000000","","TOMATOES","TOMATOES, IN THE OPEN, PROCESSING - YIELD, MEASURED IN TONS / ACRE","TOTAL","NOT SPECIFIED","56.77",""
"SURVEY","2013","YEAR","","COUNTY","CALIFORNIA","06","SAN JOAQUIN VALLEY","51","SAN JOAQUIN","077","","","00000000","","TOMATOES","TOMATOES, IN THE OPEN, PROCESSING - YIELD, MEASURED IN TONS / ACRE","TOTAL","NOT SPECIFIED","43.05",""
"SURVEY","2013","YEAR","","COUNTY","CALIFORNIA","06","SAN JOAQUIN VALLEY","51","STANISLAUS","099","","","00000000","","TOMATOES","TOMATOES, IN THE OPEN, PROCESSING - YIELD, MEASURED IN TONS / ACRE","TOTAL","NOT SPECIFIED","37.92",""
"SURVEY","2012","YEAR","","COUNTY","CALIFORNIA","06","CENTRAL COAST","40","OTHER (COMBINED) COUNTIES","","","","00000000","","TOMATOES","TOMATOES, IN THE OPEN, PROCESSING - YIELD, MEASURED IN TONS / ACRE","TOTAL","NOT SPECIFIED","51",""
"SURVEY","2012","YEAR","","COUNTY","CALIFORNIA","06","CENTRAL COAST","40","SAN BENITO","069","","","00000000","","TOMATOES","TOMATOES, IN THE OPEN, PROCESSING - YIELD, MEASURED IN TONS / ACRE","TOTAL","NOT SPECIFIED","43",""
"SURVEY","2012","YEAR","","COUNTY","CALIFORNIA","06","SACRAMENTO VALLEY","50","COLUSA","011","","","00000000","","TOMATOES","TOMATOES, IN THE OPEN, PROCESSING - YIELD, MEASURED IN TONS / ACRE","TOTAL","NOT SPECIFIED","44.62",""
"SURVEY","2012","YEAR","","COUNTY","CALIFORNIA","06","SACRAMENTO VALLEY","50","SACRAMENTO","067","","","00000000","","TOMATOES","TOMATOES, IN THE OPEN, PROCESSING - YIELD, MEASURED IN TONS / ACRE","TOTAL","NOT SPECIFIED","49",""
"SURVEY","2012","YEAR","","COUNTY","CALIFORNIA","06","SACRAMENTO VALLEY","50","SOLANO","095","","","00000000","","TOMATOES","TOMATOES, IN THE OPEN, PROCESSING - YIELD, MEASURED IN TONS / ACRE","TOTAL","NOT SPECIFIED","34",""
"SURVEY","2012","YEAR","","COUNTY","CALIFORNIA","06","SACRAMENTO VALLEY","50","SUTTER","101","","","00000000","","TOMATOES","TOMATOES, IN THE OPEN, PROCESSING - YIELD, MEASURED IN TONS / ACRE","TOTAL","NOT SPECIFIED","37.14",""
"SURVEY","2012","YEAR","","COUNTY","CALIFORNIA","06","SACRAMENTO VALLEY","50","YOLO","113","","","00000000","","TOMATOES","TOMATOES, IN THE OPEN, PROCESSING - YIELD, MEASURED IN TONS / ACRE","TOTAL","NOT SPECIFIED","43.24",""
"SURVEY","2012","YEAR","","COUNTY","CALIFORNIA","06","SAN JOAQUIN VALLEY","51","FRESNO","019","","","00000000","","TOMATOES","TOMATOES, IN THE OPEN, PROCESSING - YIELD, MEASURED IN TONS / ACRE","TOTAL","NOT SPECIFIED","55.26",""
"SURVEY","2012","YEAR","","COUNTY","CALIFORNIA","06","SAN JOAQUIN VALLEY","51","KERN","029","","","00000000","","TOMATOES","TOMATOES, IN THE OPEN, PROCESSING - YIELD, MEASURED IN TONS / ACRE","TOTAL","NOT SPECIFIED","55.92",""
"SURVEY","2012","YEAR","","COUNTY","CALIFORNIA","06","SAN JOAQUIN VALLEY","51","KINGS","031","","","00000000","","TOMATOES","TOMATOES, IN THE OPEN, PROCESSING - YIELD, MEASURED IN TONS / ACRE","TOTAL","NOT SPECIFIED","49.66",""
"SURVEY","2012","YEAR","","COUNTY","CALIFORNIA","06","SAN JOAQUIN VALLEY","51","MADERA","039","","","00000000","","TOMATOES","TOMATOES, IN THE OPEN, PROCESSING - YIELD, MEASURED IN TONS / ACRE","TOTAL","NOT SPECIFIED","51.67",""
"SURVEY","2012","YEAR","","COUNTY","CALIFORNIA","06","SAN JOAQUIN VALLEY","51","MERCED","047","","","00000000","","TOMATOES","TOMATOES, IN THE OPEN, PROCESSING - YIELD, MEASURED IN TONS / ACRE","TOTAL","NOT SPECIFIED","43.62",""
"SURVEY","2012","YEAR","","COUNTY","CALIFORNIA","06","SAN JOAQUIN VALLEY","51","SAN JOAQUIN","077","","","00000000","","TOMATOES","TOMATOES, IN THE OPEN, PROCESSING - YIELD, MEASURED IN TONS / ACRE","TOTAL","NOT SPECIFIED","40.91",""
"SURVEY","2012","YEAR","","COUNTY","CALIFORNIA","06","SAN JOAQUIN VALLEY","51","STANISLAUS","099","","","00000000","","TOMATOES","TOMATOES, IN THE OPEN, PROCESSING - YIELD, MEASURED IN TONS / ACRE","TOTAL","NOT SPECIFIED","50.5",""
"SURVEY","2011","YEAR","","COUNTY","CALIFORNIA","06","CENTRAL COAST","40","OTHER (COMBINED) COUNTIES","","","","00000000","","TOMATOES","TOMATOES, IN THE OPEN, PROCESSING - YIELD, MEASURED IN TONS / ACRE","TOTAL","NOT SPECIFIED","53.21",""
"SURVEY","2011","YEAR","","COUNTY","CALIFORNIA","06","CENTRAL COAST","40","SAN BENITO","069","","","00000000","","TOMATOES","TOMATOES, IN THE OPEN, PROCESSING - YIELD, MEASURED IN TONS / ACRE","TOTAL","NOT SPECIFIED","45.67",""
"SURVEY","2011","YEAR","","COUNTY","CALIFORNIA","06","SACRAMENTO VALLEY","50","COLUSA","011","","","00000000","","TOMATOES","TOMATOES, IN THE OPEN, PROCESSING - YIELD, MEASURED IN TONS / ACRE","TOTAL","NOT SPECIFIED","44.42",""
"SURVEY","2011","YEAR","","COUNTY","CALIFORNIA","06","SACRAMENTO VALLEY","50","OTHER (COMBINED) COUNTIES","","","","00000000","","TOMATOES","TOMATOES, IN THE OPEN, PROCESSING - YIELD, MEASURED IN TONS / ACRE","TOTAL","NOT SPECIFIED","45.91",""
"SURVEY","2011","YEAR","","COUNTY","CALIFORNIA","06","SACRAMENTO VALLEY","50","SOLANO","095","","","00000000","","TOMATOES","TOMATOES, IN THE OPEN, PROCESSING - YIELD, MEASURED IN TONS / ACRE","TOTAL","NOT SPECIFIED","34.44",""
"SURVEY","2011","YEAR","","COUNTY","CALIFORNIA","06","SACRAMENTO VALLEY","50","SUTTER","101","","","00000000","","TOMATOES","TOMATOES, IN THE OPEN, PROCESSING - YIELD, MEASURED IN TONS / ACRE","TOTAL","NOT SPECIFIED","37.17",""
"SURVEY","2011","YEAR","","COUNTY","CALIFORNIA","06","SACRAMENTO VALLEY","50","YOLO","113","","","00000000","","TOMATOES","TOMATOES, IN THE OPEN, PROCESSING - YIELD, MEASURED IN TONS / ACRE","TOTAL","NOT SPECIFIED","35.65",""
"SURVEY","2011","YEAR","","COUNTY","CALIFORNIA","06","SAN JOAQUIN VALLEY","51","FRESNO","019","","","00000000","","TOMATOES","TOMATOES, IN THE OPEN, PROCESSING - YIELD, MEASURED IN TONS / ACRE","TOTAL","NOT SPECIFIED","53.61",""
"SURVEY","2011","YEAR","","COUNTY","CALIFORNIA","06","SAN JOAQUIN VALLEY","51","KERN","029","","","00000000","","TOMATOES","TOMATOES, IN THE OPEN, PROCESSING - YIELD, MEASURED IN TONS / ACRE","TOTAL","NOT SPECIFIED","50.23",""
"SURVEY","2011","YEAR","","COUNTY","CALIFORNIA","06","SAN JOAQUIN VALLEY","51","KINGS","031","","","00000000","","TOMATOES","TOMATOES, IN THE OPEN, PROCESSING - YIELD, MEASURED IN TONS / ACRE","TOTAL","NOT SPECIFIED","51.86",""
"SURVEY","2011","YEAR","","COUNTY","CALIFORNIA","06","SAN JOAQUIN VALLEY","51","MERCED","047","","","00000000","","TOMATOES","TOMATOES, IN THE OPEN, PROCESSING - YIELD, MEASURED IN TONS / ACRE","TOTAL","NOT SPECIFIED","52.08",""
"SURVEY","2011","YEAR","","COUNTY","CALIFORNIA","06","SAN JOAQUIN VALLEY","51","OTHER (COMBINED) COUNTIES","","","","00000000","","TOMATOES","TOMATOES, IN THE OPEN, PROCESSING - YIELD, MEASURED IN TONS / ACRE","TOTAL","NOT SPECIFIED","41.5",""
"SURVEY","2011","YEAR","","COUNTY","CALIFORNIA","06","SAN JOAQUIN VALLEY","51","SAN JOAQUIN","077","","","00000000","","TOMATOES","TOMATOES, IN THE OPEN, PROCESSING - YIELD, MEASURED IN TONS / ACRE","TOTAL","NOT SPECIFIED","44.35",""
"SURVEY","2011","YEAR","","COUNTY","CALIFORNIA","06","SAN JOAQUIN VALLEY","51","STANISLAUS","099","","","00000000","","TOMATOES","TOMATOES, IN THE OPEN, PROCESSING - YIELD, MEASURED IN TONS / ACRE","TOTAL","NOT SPECIFIED","43.1",""
"SURVEY","2010","YEAR","","COUNTY","CALIFORNIA","06","CENTRAL COAST","40","OTHER (COMBINED) COUNTIES","","","","00000000","","TOMATOES","TOMATOES, IN THE OPEN, PROCESSING - YIELD, MEASURED IN TONS / ACRE","TOTAL","NOT SPECIFIED","44.67",""
"SURVEY","2010","YEAR","","COUNTY","CALIFORNIA","06","CENTRAL COAST","40","SAN BENITO","069","","","00000000","","TOMATOES","TOMATOES, IN THE OPEN, PROCESSING - YIELD, MEASURED IN TONS / ACRE","TOTAL","NOT SPECIFIED","64",""
"SURVEY","2010","YEAR","","COUNTY","CALIFORNIA","06","SACRAMENTO VALLEY","50","COLUSA","011","","","00000000","","TOMATOES","TOMATOES, IN THE OPEN, PROCESSING - YIELD, MEASURED IN TONS / ACRE","TOTAL","NOT SPECIFIED","40.5",""
"SURVEY","2010","YEAR","","COUNTY","CALIFORNIA","06","SACRAMENTO VALLEY","50","SACRAMENTO","067","","","00000000","","TOMATOES","TOMATOES, IN THE OPEN, PROCESSING - YIELD, MEASURED IN TONS / ACRE","TOTAL","NOT SPECIFIED","45.5",""
"SURVEY","2010","YEAR","","COUNTY","CALIFORNIA","06","SACRAMENTO VALLEY","50","SOLANO","095","","","00000000","","TOMATOES","TOMATOES, IN THE OPEN, PROCESSING - YIELD, MEASURED IN TONS / ACRE","TOTAL","NOT SPECIFIED","49.78",""
"SURVEY","2010","YEAR","","COUNTY","CALIFORNIA","06","SACRAMENTO VALLEY","50","SUTTER","101","","","00000000","","TOMATOES","TOMATOES, IN THE OPEN, PROCESSING - YIELD, MEASURED IN TONS / ACRE","TOTAL","NOT SPECIFIED","45",""
"SURVEY","2010","YEAR","","COUNTY","CALIFORNIA","06","SACRAMENTO VALLEY","50","YOLO","113","","","00000000","","TOMATOES","TOMATOES, IN THE OPEN, PROCESSING - YIELD, MEASURED IN TONS / ACRE","TOTAL","NOT SPECIFIED","41.09",""
"SURVEY","2010","YEAR","","COUNTY","CALIFORNIA","06","SAN JOAQUIN VALLEY","51","FRESNO","019","","","00000000","","TOMATOES","TOMATOES, IN THE OPEN, PROCESSING - YIELD, MEASURED IN TONS / ACRE","TOTAL","NOT SPECIFIED","44.3",""
"SURVEY","2010","YEAR","","COUNTY","CALIFORNIA","06","SAN JOAQUIN VALLEY","51","KERN","029","","","00000000","","TOMATOES","TOMATOES, IN THE OPEN, PROCESSING - YIELD, MEASURED IN TONS / ACRE","TOTAL","NOT SPECIFIED","48.21",""
"SURVEY","2010","YEAR","","COUNTY","CALIFORNIA","06","SAN JOAQUIN VALLEY","51","KINGS","031","","","00000000","","TOMATOES","TOMATOES, IN THE OPEN, PROCESSING - YIELD, MEASURED IN TONS / ACRE","TOTAL","NOT SPECIFIED","51.24",""
"SURVEY","2010","YEAR","","COUNTY","CALIFORNIA","06","SAN JOAQUIN VALLEY","51","MERCED","047","","","00000000","","TOMATOES","TOMATOES, IN THE OPEN, PROCESSING - YIELD, MEASURED IN TONS / ACRE","TOTAL","NOT SPECIFIED","51.11",""
"SURVEY","2010","YEAR","","COUNTY","CALIFORNIA","06","SAN JOAQUIN VALLEY","51","OTHER (COMBINED) COUNTIES","","","","00000000","","TOMATOES","TOMATOES, IN THE OPEN, PROCESSING - YIELD, MEASURED IN TONS / ACRE","TOTAL","NOT SPECIFIED","67",""
"SURVEY","2010","YEAR","","COUNTY","CALIFORNIA","06","SAN JOAQUIN VALLEY","51","SAN JOAQUIN","077","","","00000000","","TOMATOES","TOMATOES, IN THE OPEN, PROCESSING - YIELD, MEASURED IN TONS / ACRE","TOTAL","NOT SPECIFIED","41.33",""
"SURVEY","2010","YEAR","","COUNTY","CALIFORNIA","06","SAN JOAQUIN VALLEY","51","STANISLAUS","099","","","00000000","","TOMATOES","TOMATOES, IN THE OPEN, PROCESSING - YIELD, MEASURED IN TONS / ACRE","TOTAL","NOT SPECIFIED","45.11",""
"SURVEY","2009","YEAR","","COUNTY","CALIFORNIA","06","SACRAMENTO VALLEY","50","OTHER (COMBINED) COUNTIES","","","","00000000","","TOMATOES","TOMATOES, IN THE OPEN, PROCESSING - YIELD, MEASURED IN TONS / ACRE","TOTAL","NOT SPECIFIED","39.17",""
"SURVEY","2009","YEAR","","COUNTY","CALIFORNIA","06","SAN JOAQUIN VALLEY","51","OTHER (COMBINED) COUNTIES","","","","00000000","","TOMATOES","TOMATOES, IN THE OPEN, PROCESSING - YIELD, MEASURED IN TONS / ACRE","TOTAL","NOT SPECIFIED","44.52",""
"SURVEY","2008","YEAR","","COUNTY","CALIFORNIA","06","SACRAMENTO VALLEY","50","OTHER (COMBINED) COUNTIES","","","","00000000","","TOMATOES","TOMATOES, IN THE OPEN, PROCESSING - YIELD, MEASURED IN TONS / ACRE","TOTAL","NOT SPECIFIED","39.56",""
"SURVEY","2008","YEAR","","COUNTY","CALIFORNIA","06","SAN JOAQUIN VALLEY","51","OTHER (COMBINED) COUNTIES","","","","00000000","","TOMATOES","TOMATOES, IN THE OPEN, PROCESSING - YIELD, MEASURED IN TONS / ACRE","TOTAL","NOT SPECIFIED","43.11",""
"SURVEY","2006","YEAR","","COUNTY","CALIFORNIA","06","SACRAMENTO VALLEY","50","OTHER (COMBINED) COUNTIES","","","","00000000","","TOMATOES","TOMATOES, IN THE OPEN, PROCESSING - YIELD, MEASURED IN TONS / ACRE","TOTAL","NOT SPECIFIED","35",""
"SURVEY","2006","YEAR","","COUNTY","CALIFORNIA","06","SAN JOAQUIN VALLEY","51","OTHER (COMBINED) COUNTIES","","","","00000000","","TOMATOES","TOMATOES, IN THE OPEN, PROCESSING - YIELD, MEASURED IN TONS / ACRE","TOTAL","NOT SPECIFIED","36.16",""
"SURVEY","2005","YEAR","","COUNTY","CALIFORNIA","06","SACRAMENTO VALLEY","50","OTHER (COMBINED) COUNTIES","","","","00000000","","TOMATOES","TOMATOES, IN THE OPEN, PROCESSING - YIELD, MEASURED IN TONS / ACRE","TOTAL","NOT SPECIFIED","32.02",""
"SURVEY","2005","YEAR","","COUNTY","CALIFORNIA","06","SAN JOAQUIN VALLEY","51","OTHER (COMBINED) COUNTIES","","","","00000000","","TOMATOES","TOMATOES, IN THE OPEN, PROCESSING - YIELD, MEASURED IN TONS / ACRE","TOTAL","NOT SPECIFIED","38.65",""
"SURVEY","2004","YEAR","","COUNTY","CALIFORNIA","06","SACRAMENTO VALLEY","50","COLUSA","011","","","00000000","","TOMATOES","TOMATOES, IN THE OPEN, PROCESSING - YIELD, MEASURED IN TONS / ACRE","TOTAL","NOT SPECIFIED","43.02",""
"SURVEY","2004","YEAR","","COUNTY","CALIFORNIA","06","SACRAMENTO VALLEY","50","GLENN","021","","","00000000","","TOMATOES","TOMATOES, IN THE OPEN, PROCESSING - YIELD, MEASURED IN TONS / ACRE","TOTAL","NOT SPECIFIED","40",""
"SURVEY","2004","YEAR","","COUNTY","CALIFORNIA","06","SACRAMENTO VALLEY","50","SACRAMENTO","067","","","00000000","","TOMATOES","TOMATOES, IN THE OPEN, PROCESSING - YIELD, MEASURED IN TONS / ACRE","TOTAL","NOT SPECIFIED","35.91",""
"SURVEY","2004","YEAR","","COUNTY","CALIFORNIA","06","SACRAMENTO VALLEY","50","SUTTER","101","","","00000000","","TOMATOES","TOMATOES, IN THE OPEN, PROCESSING - YIELD, MEASURED IN TONS / ACRE","TOTAL","NOT SPECIFIED","41.81",""
"SURVEY","2004","YEAR","","COUNTY","CALIFORNIA","06","SACRAMENTO VALLEY","50","YOLO","113","","","00000000","","TOMATOES","TOMATOES, IN THE OPEN, PROCESSING - YIELD, MEASURED IN TONS / ACRE","TOTAL","NOT SPECIFIED","40",""
"SURVEY","2004","YEAR","","COUNTY","CALIFORNIA","06","SAN JOAQUIN VALLEY","51","FRESNO","019","","","00000000","","TOMATOES","TOMATOES, IN THE OPEN, PROCESSING - YIELD, MEASURED IN TONS / ACRE","TOTAL","NOT SPECIFIED","43.51",""
"SURVEY","2004","YEAR","","COUNTY","CALIFORNIA","06","SAN JOAQUIN VALLEY","51","KINGS","031","","","00000000","","TOMATOES","TOMATOES, IN THE OPEN, PROCESSING - YIELD, MEASURED IN TONS / ACRE","TOTAL","NOT SPECIFIED","37.34",""
"SURVEY","2004","YEAR","","COUNTY","CALIFORNIA","06","SAN JOAQUIN VALLEY","51","MADERA","039","","","00000000","","TOMATOES","TOMATOES, IN THE OPEN, PROCESSING - YIELD, MEASURED IN TONS / ACRE","TOTAL","NOT SPECIFIED","41.2",""
"SURVEY","2004","YEAR","","COUNTY","CALIFORNIA","06","SAN JOAQUIN VALLEY","51","MERCED","047","","","00000000","","TOMATOES","TOMATOES, IN THE OPEN, PROCESSING - YIELD, MEASURED IN TONS / ACRE","TOTAL","NOT SPECIFIED","41.09",""
"SURVEY","2004","YEAR","","COUNTY","CALIFORNIA","06","SAN JOAQUIN VALLEY","51","SAN JOAQUIN","077","","","00000000","","TOMATOES","TOMATOES, IN THE OPEN, PROCESSING - YIELD, MEASURED IN TONS / ACRE","TOTAL","NOT SPECIFIED","40.03",""
"SURVEY","2004","YEAR","","COUNTY","CALIFORNIA","06","SAN JOAQUIN VALLEY","51","STANISLAUS","099","","","00000000","","TOMATOES","TOMATOES, IN THE OPEN, PROCESSING - YIELD, MEASURED IN TONS / ACRE","TOTAL","NOT SPECIFIED","42.07",""
"SURVEY","2003","YEAR","","COUNTY","CALIFORNIA","06","SACRAMENTO VALLEY","50","OTHER (COMBINED) COUNTIES","","","","00000000","","TOMATOES","TOMATOES, IN THE OPEN, PROCESSING - YIELD, MEASURED IN TONS / ACRE","TOTAL","NOT SPECIFIED","33.81",""
"SURVEY","2003","YEAR","","COUNTY","CALIFORNIA","06","SAN JOAQUIN VALLEY","51","OTHER (COMBINED) COUNTIES","","","","00000000","","TOMATOES","TOMATOES, IN THE OPEN, PROCESSING - YIELD, MEASURED IN TONS / ACRE","TOTAL","NOT SPECIFIED","33.64",""
"SURVEY","2002","YEAR","","COUNTY","CALIFORNIA","06","SACRAMENTO VALLEY","50","OTHER (COMBINED) COUNTIES","","","","00000000","","TOMATOES","TOMATOES, IN THE OPEN, PROCESSING - YIELD, MEASURED IN TONS / ACRE","TOTAL","NOT SPECIFIED","37.8",""
"SURVEY","2002","YEAR","","COUNTY","CALIFORNIA","06","SAN JOAQUIN VALLEY","51","OTHER (COMBINED) COUNTIES","","","","00000000","","TOMATOES","TOMATOES, IN THE OPEN, PROCESSING - YIELD, MEASURED IN TONS / ACRE","TOTAL","NOT SPECIFIED","38.01",""
"SURVEY","2001","YEAR","","COUNTY","CALIFORNIA","06","SACRAMENTO VALLEY","50","OTHER (COMBINED) COUNTIES","","","","00000000","","TOMATOES","TOMATOES, IN THE OPEN, PROCESSING - YIELD, MEASURED IN TONS / ACRE","TOTAL","NOT SPECIFIED","35.14",""
"SURVEY","2001","YEAR","","COUNTY","CALIFORNIA","06","SAN JOAQUIN VALLEY","51","OTHER (COMBINED) COUNTIES","","","","00000000","","TOMATOES","TOMATOES, IN THE OPEN, PROCESSING - YIELD, MEASURED IN TONS / ACRE","TOTAL","NOT SPECIFIED","33.33",""
"SURVEY","2000","YEAR","","COUNTY","CALIFORNIA","06","SACRAMENTO VALLEY","50","OTHER (COMBINED) COUNTIES","","","","00000000","","TOMATOES","TOMATOES, IN THE OPEN, PROCESSING - YIELD, MEASURED IN TONS / ACRE","TOTAL","NOT SPECIFIED","35.21",""
"SURVEY","2000","YEAR","","COUNTY","CALIFORNIA","06","SAN JOAQUIN VALLEY","51","OTHER (COMBINED) COUNTIES","","","","00000000","","TOMATOES","TOMATOES, IN THE OPEN, PROCESSING - YIELD, MEASURED IN TONS / ACRE","TOTAL","NOT SPECIFIED","39.27",""
"SURVEY","1999","YEAR","","COUNTY","CALIFORNIA","06","SACRAMENTO VALLEY","50","OTHER (COMBINED) COUNTIES","","","","00000000","","TOMATOES","TOMATOES, IN THE OPEN, PROCESSING - YIELD, MEASURED IN TONS / ACRE","TOTAL","NOT SPECIFIED","34.98",""
"SURVEY","1999","YEAR","","COUNTY","CALIFORNIA","06","SAN JOAQUIN VALLEY","51","OTHER (COMBINED) COUNTIES","","","","00000000","","TOMATOES","TOMATOES, IN THE OPEN, PROCESSING - YIELD, MEASURED IN TONS / ACRE","TOTAL","NOT SPECIFIED","38.52",""
"SURVEY","1998","YEAR","","COUNTY","CALIFORNIA","06","CENTRAL COAST","40","OTHER (COMBINED) COUNTIES","","","","00000000","","TOMATOES","TOMATOES, IN THE OPEN, PROCESSING - YIELD, MEASURED IN TONS / ACRE","TOTAL","NOT SPECIFIED","32.96",""
"SURVEY","1998","YEAR","","COUNTY","CALIFORNIA","06","SACRAMENTO VALLEY","50","OTHER (COMBINED) COUNTIES","","","","00000000","","TOMATOES","TOMATOES, IN THE OPEN, PROCESSING - YIELD, MEASURED IN TONS / ACRE","TOTAL","NOT SPECIFIED","29.75",""
"SURVEY","1998","YEAR","","COUNTY","CALIFORNIA","06","SAN JOAQUIN VALLEY","51","OTHER (COMBINED) COUNTIES","","","","00000000","","TOMATOES","TOMATOES, IN THE OPEN, PROCESSING - YIELD, MEASURED IN TONS / ACRE","TOTAL","NOT SPECIFIED","33.15",""
"SURVEY","1998","YEAR","","COUNTY","CALIFORNIA","06","SOUTHERN CALIFORNIA","80","OTHER (COMBINED) COUNTIES","","","","00000000","","TOMATOES","TOMATOES, IN THE OPEN, PROCESSING - YIELD, MEASURED IN TONS / ACRE","TOTAL","NOT SPECIFIED","31.46",""
"SURVEY","1997","YEAR","","COUNTY","CALIFORNIA","06","CENTRAL COAST","40","OTHER (COMBINED) COUNTIES","","","","00000000","","TOMATOES","TOMATOES, IN THE OPEN, PROCESSING - YIELD, MEASURED IN TONS / ACRE","TOTAL","NOT SPECIFIED","38.54",""
"SURVEY","1997","YEAR","","COUNTY","CALIFORNIA","06","SACRAMENTO VALLEY","50","OTHER (COMBINED) COUNTIES","","","","00000000","","TOMATOES","TOMATOES, IN THE OPEN, PROCESSING - YIELD, MEASURED IN TONS / ACRE","TOTAL","NOT SPECIFIED","33.75",""
"SURVEY","1997","YEAR","","COUNTY","CALIFORNIA","06","SAN JOAQUIN VALLEY","51","OTHER (COMBINED) COUNTIES","","","","00000000","","TOMATOES","TOMATOES, IN THE OPEN, PROCESSING - YIELD, MEASURED IN TONS / ACRE","TOTAL","NOT SPECIFIED","37.49",""
"SURVEY","1997","YEAR","","COUNTY","CALIFORNIA","06","SOUTHERN CALIFORNIA","80","OTHER (COMBINED) COUNTIES","","","","00000000","","TOMATOES","TOMATOES, IN THE OPEN, PROCESSING - YIELD, MEASURED IN TONS / ACRE","TOTAL","NOT SPECIFIED","39.77",""
"SURVEY","1996","YEAR","","COUNTY","CALIFORNIA","06","CENTRAL COAST","40","OTHER (COMBINED) COUNTIES","","","","00000000","","TOMATOES","TOMATOES, IN THE OPEN, PROCESSING - YIELD, MEASURED IN TONS / ACRE","TOTAL","NOT SPECIFIED","33.63",""
"SURVEY","1996","YEAR","","COUNTY","CALIFORNIA","06","SACRAMENTO VALLEY","50","OTHER (COMBINED) COUNTIES","","","","00000000","","TOMATOES","TOMATOES, IN THE OPEN, PROCESSING - YIELD, MEASURED IN TONS / ACRE","TOTAL","NOT SPECIFIED","33.06",""
"SURVEY","1996","YEAR","","COUNTY","CALIFORNIA","06","SAN JOAQUIN VALLEY","51","OTHER (COMBINED) COUNTIES","","","","00000000","","TOMATOES","TOMATOES, IN THE OPEN, PROCESSING - YIELD, MEASURED IN TONS / ACRE","TOTAL","NOT SPECIFIED","34.95",""
"SURVEY","1996","YEAR","","COUNTY","CALIFORNIA","06","SOUTHERN CALIFORNIA","80","OTHER (COMBINED) COUNTIES","","","","00000000","","TOMATOES","TOMATOES, IN THE OPEN, PROCESSING - YIELD, MEASURED IN TONS / ACRE","TOTAL","NOT SPECIFIED","32.21",""
"SURVEY","1995","YEAR","","COUNTY","CALIFORNIA","06","CENTRAL COAST","40","OTHER (COMBINED) COUNTIES","","","","00000000","","TOMATOES","TOMATOES, IN THE OPEN, PROCESSING - YIELD, MEASURED IN TONS / ACRE","TOTAL","NOT SPECIFIED","34.65",""
"SURVEY","1995","YEAR","","COUNTY","CALIFORNIA","06","SACRAMENTO VALLEY","50","OTHER (COMBINED) COUNTIES","","","","00000000","","TOMATOES","TOMATOES, IN THE OPEN, PROCESSING - YIELD, MEASURED IN TONS / ACRE","TOTAL","NOT SPECIFIED","32",""
"SURVEY","1995","YEAR","","COUNTY","CALIFORNIA","06","SAN JOAQUIN VALLEY","51","OTHER (COMBINED) COUNTIES","","","","00000000","","TOMATOES","TOMATOES, IN THE OPEN, PROCESSING - YIELD, MEASURED IN TONS / ACRE","TOTAL","NOT SPECIFIED","34.74",""
"SURVEY","1995","YEAR","","COUNTY","CALIFORNIA","06","SOUTHERN CALIFORNIA","80","OTHER (COMBINED) COUNTIES","","","","00000000","","TOMATOES","TOMATOES, IN THE OPEN, PROCESSING - YIELD, MEASURED IN TONS / ACRE","TOTAL","NOT SPECIFIED","32.1",""
"SURVEY","1994","YEAR","","COUNTY","CALIFORNIA","06","CENTRAL COAST","40","OTHER (COMBINED) COUNTIES","","","","00000000","","TOMATOES","TOMATOES, IN THE OPEN, PROCESSING - YIELD, MEASURED IN TONS / ACRE","TOTAL","NOT SPECIFIED","34.57",""
"SURVEY","1994","YEAR","","COUNTY","CALIFORNIA","06","SACRAMENTO VALLEY","50","OTHER (COMBINED) COUNTIES","","","","00000000","","TOMATOES","TOMATOES, IN THE OPEN, PROCESSING - YIELD, MEASURED IN TONS / ACRE","TOTAL","NOT SPECIFIED","33.97",""
"SURVEY","1994","YEAR","","COUNTY","CALIFORNIA","06","SAN JOAQUIN VALLEY","51","OTHER (COMBINED) COUNTIES","","","","00000000","","TOMATOES","TOMATOES, IN THE OPEN, PROCESSING - YIELD, MEASURED IN TONS / ACRE","TOTAL","NOT SPECIFIED","35.07",""
"SURVEY","1994","YEAR","","COUNTY","CALIFORNIA","06","SOUTHERN CALIFORNIA","80","OTHER (COMBINED) COUNTIES","","","","00000000","","TOMATOES","TOMATOES, IN THE OPEN, PROCESSING - YIELD, MEASURED IN TONS / ACRE","TOTAL","NOT SPECIFIED","33.62",""
"SURVEY","1993","YEAR","","COUNTY","CALIFORNIA","06","CENTRAL COAST","40","OTHER (COMBINED) COUNTIES","","","","00000000","","TOMATOES","TOMATOES, IN THE OPEN, PROCESSING - YIELD, MEASURED IN TONS / ACRE","TOTAL","NOT SPECIFIED","34.37",""
"SURVEY","1993","YEAR","","COUNTY","CALIFORNIA","06","SACRAMENTO VALLEY","50","OTHER (COMBINED) COUNTIES","","","","00000000","","TOMATOES","TOMATOES, IN THE OPEN, PROCESSING - YIELD, MEASURED IN TONS / ACRE","TOTAL","NOT SPECIFIED","32.15",""
"SURVEY","1993","YEAR","","COUNTY","CALIFORNIA","06","SAN JOAQUIN VALLEY","51","OTHER (COMBINED) COUNTIES","","","","00000000","","TOMATOES","TOMATOES, IN THE OPEN, PROCESSING - YIELD, MEASURED IN TONS / ACRE","TOTAL","NOT SPECIFIED","32.93",""
"SURVEY","1993","YEAR","","COUNTY","CALIFORNIA","06","SOUTHERN CALIFORNIA","80","OTHER (COMBINED) COUNTIES","","","","00000000","","TOMATOES","TOMATOES, IN THE OPEN, PROCESSING - YIELD, MEASURED IN TONS / ACRE","TOTAL","NOT SPECIFIED","33.79",""
"SURVEY","1992","YEAR","","COUNTY","CALIFORNIA","06","CENTRAL COAST","40","OTHER (COMBINED) COUNTIES","","","","00000000","","TOMATOES","TOMATOES, IN THE OPEN, PROCESSING - YIELD, MEASURED IN TONS / ACRE","TOTAL","NOT SPECIFIED","33.08",""
"SURVEY","1992","YEAR","","COUNTY","CALIFORNIA","06","SACRAMENTO VALLEY","50","OTHER (COMBINED) COUNTIES","","","","00000000","","TOMATOES","TOMATOES, IN THE OPEN, PROCESSING - YIELD, MEASURED IN TONS / ACRE","TOTAL","NOT SPECIFIED","31.61",""
"SURVEY","1992","YEAR","","COUNTY","CALIFORNIA","06","SAN JOAQUIN VALLEY","51","OTHER (COMBINED) COUNTIES","","","","00000000","","TOMATOES","TOMATOES, IN THE OPEN, PROCESSING - YIELD, MEASURED IN TONS / ACRE","TOTAL","NOT SPECIFIED","34.3",""
"SURVEY","1992","YEAR","","COUNTY","CALIFORNIA","06","SOUTHERN CALIFORNIA","80","OTHER (COMBINED) COUNTIES","","","","00000000","","TOMATOES","TOMATOES, IN THE OPEN, PROCESSING - YIELD, MEASURED IN TONS / ACRE","TOTAL","NOT SPECIFIED","34.3",""
"SURVEY","1991","YEAR","","COUNTY","CALIFORNIA","06","CENTRAL COAST","40","CONTRA COSTA","013","","","00000000","","TOMATOES","TOMATOES, IN THE OPEN, PROCESSING - YIELD, MEASURED IN TONS / ACRE","TOTAL","NOT SPECIFIED","34.61",""
"SURVEY","1991","YEAR","","COUNTY","CALIFORNIA","06","CENTRAL COAST","40","OTHER (COMBINED) COUNTIES","","","","00000000","","TOMATOES","TOMATOES, IN THE OPEN, PROCESSING - YIELD, MEASURED IN TONS / ACRE","TOTAL","NOT SPECIFIED","30.24",""
"SURVEY","1991","YEAR","","COUNTY","CALIFORNIA","06","CENTRAL COAST","40","SAN BENITO","069","","","00000000","","TOMATOES","TOMATOES, IN THE OPEN, PROCESSING - YIELD, MEASURED IN TONS / ACRE","TOTAL","NOT SPECIFIED","33.33",""
"SURVEY","1991","YEAR","","COUNTY","CALIFORNIA","06","CENTRAL COAST","40","SANTA CLARA","085","","","00000000","","TOMATOES","TOMATOES, IN THE OPEN, PROCESSING - YIELD, MEASURED IN TONS / ACRE","TOTAL","NOT SPECIFIED","35.68",""
"SURVEY","1991","YEAR","","COUNTY","CALIFORNIA","06","SACRAMENTO VALLEY","50","COLUSA","011","","","00000000","","TOMATOES","TOMATOES, IN THE OPEN, PROCESSING - YIELD, MEASURED IN TONS / ACRE","TOTAL","NOT SPECIFIED","35.15",""
"SURVEY","1991","YEAR","","COUNTY","CALIFORNIA","06","SACRAMENTO VALLEY","50","SACRAMENTO","067","","","00000000","","TOMATOES","TOMATOES, IN THE OPEN, PROCESSING - YIELD, MEASURED IN TONS / ACRE","TOTAL","NOT SPECIFIED","31.09",""
"SURVEY","1991","YEAR","","COUNTY","CALIFORNIA","06","SACRAMENTO VALLEY","50","SOLANO","095","","","00000000","","TOMATOES","TOMATOES, IN THE OPEN, PROCESSING - YIELD, MEASURED IN TONS / ACRE","TOTAL","NOT SPECIFIED","32.57",""
"SURVEY","1991","YEAR","","COUNTY","CALIFORNIA","06","SACRAMENTO VALLEY","50","SUTTER","101","","","00000000","","TOMATOES","TOMATOES, IN THE OPEN, PROCESSING - YIELD, MEASURED IN TONS / ACRE","TOTAL","NOT SPECIFIED","29.55",""
"SURVEY","1991","YEAR","","COUNTY","CALIFORNIA","06","SACRAMENTO VALLEY","50","YOLO","113","","","00000000","","TOMATOES","TOMATOES, IN THE OPEN, PROCESSING - YIELD, MEASURED IN TONS / ACRE","TOTAL","NOT SPECIFIED","30.49",""
"SURVEY","1991","YEAR","","COUNTY","CALIFORNIA","06","SAN JOAQUIN VALLEY","51","FRESNO","019","","","00000000","","TOMATOES","TOMATOES, IN THE OPEN, PROCESSING - YIELD, MEASURED IN TONS / ACRE","TOTAL","NOT SPECIFIED","31.82",""
"SURVEY","1991","YEAR","","COUNTY","CALIFORNIA","06","SAN JOAQUIN VALLEY","51","KINGS","031","","","00000000","","TOMATOES","TOMATOES, IN THE OPEN, PROCESSING - YIELD, MEASURED IN TONS / ACRE","TOTAL","NOT SPECIFIED","28.44",""
"SURVEY","1991","YEAR","","COUNTY","CALIFORNIA","06","SAN JOAQUIN VALLEY","51","MERCED","047","","","00000000","","TOMATOES","TOMATOES, IN THE OPEN, PROCESSING - YIELD, MEASURED IN TONS / ACRE","TOTAL","NOT SPECIFIED","30.98",""
"SURVEY","1991","YEAR","","COUNTY","CALIFORNIA","06","SAN JOAQUIN VALLEY","51","OTHER (COMBINED) COUNTIES","","","","00000000","","TOMATOES","TOMATOES, IN THE OPEN, PROCESSING - YIELD, MEASURED IN TONS / ACRE","TOTAL","NOT SPECIFIED","34.76",""
"SURVEY","1991","YEAR","","COUNTY","CALIFORNIA","06","SAN JOAQUIN VALLEY","51","SAN JOAQUIN","077","","","00000000","","TOMATOES","TOMATOES, IN THE OPEN, PROCESSING - YIELD, MEASURED IN TONS / ACRE","TOTAL","NOT SPECIFIED","31.36",""
"SURVEY","1991","YEAR","","COUNTY","CALIFORNIA","06","SAN JOAQUIN VALLEY","51","STANISLAUS","099","","","00000000","","TOMATOES","TOMATOES, IN THE OPEN, PROCESSING - YIELD, MEASURED IN TONS / ACRE","TOTAL","NOT SPECIFIED","31.3",""
"SURVEY","1991","YEAR","","COUNTY","CALIFORNIA","06","SOUTHERN CALIFORNIA","80","OTHER (COMBINED) COUNTIES","","","","00000000","","TOMATOES","TOMATOES, IN THE OPEN, PROCESSING - YIELD, MEASURED IN TONS / ACRE","TOTAL","NOT SPECIFIED","35.52",""
"SURVEY","1990","YEAR","","COUNTY","CALIFORNIA","06","CENTRAL COAST","40","OTHER (COMBINED) COUNTIES","","","","00000000","","TOMATOES","TOMATOES, IN THE OPEN, PROCESSING - YIELD, MEASURED IN TONS / ACRE","TOTAL","NOT SPECIFIED","29.79",""
"SURVEY","1990","YEAR","","COUNTY","CALIFORNIA","06","SACRAMENTO VALLEY","50","OTHER (COMBINED) COUNTIES","","","","00000000","","TOMATOES","TOMATOES, IN THE OPEN, PROCESSING - YIELD, MEASURED IN TONS / ACRE","TOTAL","NOT SPECIFIED","29.1",""
"SURVEY","1990","YEAR","","COUNTY","CALIFORNIA","06","SAN JOAQUIN VALLEY","51","OTHER (COMBINED) COUNTIES","","","","00000000","","TOMATOES","TOMATOES, IN THE OPEN, PROCESSING - YIELD, MEASURED IN TONS / ACRE","TOTAL","NOT SPECIFIED","30.57",""
"SURVEY","1990","YEAR","","COUNTY","CALIFORNIA","06","SOUTHERN CALIFORNIA","80","OTHER (COMBINED) COUNTIES","","","","00000000","","TOMATOES","TOMATOES, IN THE OPEN, PROCESSING - YIELD, MEASURED IN TONS / ACRE","TOTAL","NOT SPECIFIED","32.05",""
"SURVEY","1989","YEAR","","COUNTY","CALIFORNIA","06","CENTRAL COAST","40","OTHER (COMBINED) COUNTIES","","","","00000000","","TOMATOES","TOMATOES, IN THE OPEN, PROCESSING - YIELD, MEASURED IN TONS / ACRE","TOTAL","NOT SPECIFIED","31.92",""
"SURVEY","1989","YEAR","","COUNTY","CALIFORNIA","06","SACRAMENTO VALLEY","50","OTHER (COMBINED) COUNTIES","","","","00000000","","TOMATOES","TOMATOES, IN THE OPEN, PROCESSING - YIELD, MEASURED IN TONS / ACRE","TOTAL","NOT SPECIFIED","29.51",""
"SURVEY","1989","YEAR","","COUNTY","CALIFORNIA","06","SAN JOAQUIN VALLEY","51","OTHER (COMBINED) COUNTIES","","","","00000000","","TOMATOES","TOMATOES, IN THE OPEN, PROCESSING - YIELD, MEASURED IN TONS / ACRE","TOTAL","NOT SPECIFIED","31.99",""
"SURVEY","1989","YEAR","","COUNTY","CALIFORNIA","06","SOUTHERN CALIFORNIA","80","OTHER (COMBINED) COUNTIES","","","","00000000","","TOMATOES","TOMATOES, IN THE OPEN, PROCESSING - YIELD, MEASURED IN TONS / ACRE","TOTAL","NOT SPECIFIED","32.21",""
